iteration,mean_reward
0,66.9585
1,50.1748
2,55.0185
3,59.4805
4,60.2371
5,67.7648
6,69.5122
7,76.6687
8,84.4136
9,86.6460
10,97.4865
11,100.5279
12,113.6092
13,111.7858
14,115.9663
15,118.3218
16,123.6603
17,122.1415
18,122.5091
19,124.5800
20,129.3562
21,131.6876
22,128.5800
23,134.5986
24,136.9443
25,138.8127
26,136.3132
27,140.5510
28,140.5755
29,148.1545
30,142.0219
31,138.0019
32,140.7792
33,140.7003
34,143.5064
35,150.0178
36,144.7395
37,147.2782
38,159.2468
39,156.3671
40,163.0895
41,161.2281
42,161.0273
43,162.5701
44,164.6797
45,164.2543
46,162.0501
47,169.1252
48,171.3444
49,174.1589
50,167.6352
51,166.5224
52,182.3873
53,175.6461
54,176.5303
55,181.9990
56,183.5139
57,185.6729
58,188.7920
59,194.9157
60,198.6639
61,195.9010
62,213.8759
63,197.2807
64,207.2643
65,206.2505
66,208.0658
67,209.1665
68,210.0853
69,220.0711
70,216.9945
71,230.2899
72,221.5479
73,217.2388
74,237.9470
75,241.4879
76,246.1417
77,254.1815
78,252.2471
79,266.0355
80,273.8632
81,261.9083
82,279.0544
83,283.0377
84,303.7221
85,291.2046
86,294.4751
87,297.9738
88,303.0960
89,298.6994
90,320.3692
91,322.8379
92,334.5518
93,328.7483
94,344.7275
95,347.2155
96,340.5041
97,362.6701
98,342.7525
99,363.1983
100,373.2047
101,407.3076
102,380.9950
103,394.3365
104,416.1447
105,416.5973
106,419.4788
107,429.4981
108,419.7551
109,428.4315
110,463.6144
111,468.9370
112,482.5681
113,483.9601
114,529.1304
115,524.5837
116,514.1946
117,531.1351
118,487.7697
119,552.7285
120,545.7695
121,533.2063
122,548.1870
123,587.8947
124,603.2755
125,624.6949
126,642.9453
127,614.5244
128,653.8973
129,685.4509
130,663.3746
131,690.9354
132,726.9505
133,686.2489
134,747.7502
135,736.4559
136,802.4747
137,727.2165
138,797.8644
139,812.4601
140,842.1501
141,880.0506
142,842.9428
143,932.2749
144,983.9219
145,953.0123
146,988.0267
147,994.3273
148,1036.8138
149,1112.1251
150,1224.3757
151,1121.7980
152,1207.4724
153,1100.6697
154,1222.2019
155,1272.5359
156,1296.0587
157,1375.4259
158,1378.3081
159,1400.5057
160,1363.9000
161,1608.3750
162,1579.3708
163,1495.5555
164,1603.9855
165,1676.6956
166,1689.5649
167,1840.1880
168,1720.5798
169,1745.8312
170,1845.8673
171,1959.7847
172,2033.7301
173,2005.3108
174,1983.0121
175,1907.6951
176,1994.8702
177,2121.1194
178,2217.4158
179,2174.5481
180,2246.9370
181,2329.7532
182,2208.5232
183,2422.1250
184,2406.6311
185,2549.7615
186,2525.5461
187,2499.2751
188,2611.7673
189,2721.7883
190,2645.0828
191,2621.0718
192,2691.5996
193,2694.2688
194,2773.8809
195,2903.9197
196,2872.4331
197,2929.9087
198,3046.9668
199,3035.7332
200,3089.8213
201,3183.6184
202,3065.5740
203,3073.0178
204,3305.2625
205,3337.6353
206,3311.2649
207,3183.7192
208,3159.6384
209,3311.3291
210,3373.1919
211,3479.2539
212,3312.2629
213,3442.7278
214,3555.0183
215,3548.7458
216,3555.0981
217,3468.8193
218,3465.4749
219,3438.2168
220,3521.7192
221,3531.9331
222,3429.0005
223,3555.4185
224,3625.2212
225,3546.7424
226,3582.4211
227,3564.0654
228,3657.3799
229,3747.7825
230,3763.7402
231,3608.8174
232,3627.1462
233,3692.4155
234,3824.7769
235,3851.7000
236,3810.9744
237,3855.4727
238,3709.7119
239,3703.6318
240,3809.0195
241,3891.1978
242,3805.7332
243,3962.8118
244,3987.2009
245,3764.1926
246,3886.7861
247,3926.4050
248,3936.7439
249,3921.1887
250,3885.8372
251,4026.5898
252,4014.4121
253,4045.2458
254,3892.2537
255,4009.6719
256,3904.5596
257,3905.9546
258,3890.7959
259,3976.6140
260,4099.9863
261,4107.8770
262,4027.0586
263,3998.8406
264,4109.0098
265,4063.8008
266,4059.5552
267,3962.4734
268,4118.6562
269,4008.1868
270,4112.3867
271,4193.6040
272,4207.4976
273,4002.5037
274,4238.4688
275,4272.2964
276,4029.4246
277,4188.6636
278,3993.1279
279,4246.4663
280,4309.8940
281,4219.5420
282,4203.8999
283,4262.2207
284,4309.5278
285,4411.3623
286,4380.8198
287,4317.3623
288,4346.3726
289,4259.0508
290,4236.0732
291,4295.3936
292,4389.2559
293,4250.1792
294,4410.3042
295,4354.7578
296,4309.2192
297,4408.7397
298,4341.0342
299,4443.9395
300,4500.6929
301,4442.2729
302,4495.7939
303,4419.5420
304,4382.7974
305,4540.0034
306,4499.9399
307,4554.2939
308,4671.1611
309,4501.0947
310,4400.5498
311,4535.8193
312,4686.3008
313,4561.9595
314,4555.1992
315,4435.3022
316,4489.1338
317,4519.1748
318,4555.0044
319,4651.2549
320,4487.4297
321,4558.8057
322,4575.7593
323,4590.6123
324,4710.5830
325,4643.3223
326,4626.8203
327,4470.5029
328,4498.0488
329,4652.8179
330,4670.1743
331,4654.9937
332,4765.2788
333,4674.3145
334,4698.1362
335,4805.6875
336,4722.4487
337,4700.6919
338,4690.2451
339,4729.0347
340,4729.4438
341,4690.7964
342,4806.4092
343,4682.9946
344,4790.1255
345,4728.1416
346,4771.8140
347,4770.4429
348,4590.5815
349,4836.2988
350,4754.9204
351,4741.3257
352,4849.8535
353,4786.5596
354,4798.0688
355,4829.6641
356,4940.0078
357,4813.5723
358,4880.7715
359,4943.6113
360,4906.1587
361,4812.2603
362,4891.7734
363,4909.8379
364,4820.3726
365,4906.4185
366,4850.1201
367,4924.2251
368,4809.1489
369,4805.1050
370,4919.8521
371,4936.3281
372,4995.6431
373,5136.6548
374,5065.7148
375,5089.8896
376,5070.2031
377,4970.7461
378,5045.8120
379,4980.2188
380,5093.7056
381,4997.8652
382,5061.6675
383,4977.2798
384,5034.6411
385,5028.0469
386,5114.1357
387,5160.0186
388,4953.4028
389,4988.6416
390,4929.0073
391,4925.6514
392,5069.0786
393,4984.4346
394,4862.2544
395,5130.7944
396,5176.6860
397,5109.9312
398,4930.6069
399,4991.2061
400,5060.0171
401,119.9092
402,138.0176
403,146.5560
404,161.8285
405,186.8927
406,227.6319
407,290.7792
408,394.7032
409,540.3527
410,786.0054
411,977.8367
412,1275.9083
413,1538.6051
414,1722.9182
415,1930.0410
416,2137.8774
417,2321.3833
418,2524.9509
419,2625.7100
420,2811.3408
421,3010.9290
422,3233.8494
423,3477.4604
424,3604.5261
425,3797.1443
426,4012.2461
427,4144.1973
428,4324.7622
429,4463.9038
430,4584.0020
431,5478.4741
432,4073.4055
433,3586.5391
434,3527.3682
435,3487.8140
436,3507.4050
437,3565.4521
438,3688.9346
439,3542.0251
440,3484.8340
441,3738.6663
442,3900.2664
443,3975.5352
444,4150.7363
445,4195.9224
446,4108.7441
447,4172.6294
448,4271.7808
449,4369.4097
450,4441.8188
451,4551.1616
452,4630.3022
453,4657.1338
454,4709.4395
455,4721.3257
456,4841.5400
457,4860.2383
458,4948.9038
459,4927.7744
460,4956.1812
461,5059.9648
462,5549.4331
463,4816.4136
464,4037.0686
465,3630.0024
466,3644.4089
467,3755.0581
468,3818.6931
469,3862.3452
470,4015.1543
471,4080.8721
472,4169.9829
473,4025.9019
474,4396.9976
475,4488.1753
476,4443.2598
477,4478.8999
478,4727.2891
479,4694.6748
480,4647.0669
481,4777.3374
482,4809.3281
483,4900.4316
484,4942.5420
485,4828.5117
486,4993.8696
487,5150.9863
488,5184.7881
489,5265.2344
490,5261.0747
491,5397.2417
492,5405.8760
493,5678.2231
494,5374.9956
495,4458.0991
496,4416.0547
497,4278.6094
498,4173.4038
499,4190.9331
500,4271.4092
501,4330.9380
502,4307.0859
503,4399.8618
504,4417.3555
505,4384.5991
506,4535.7124
507,4756.2773
508,4831.6064
509,4793.5161
510,4791.8589
511,4759.0479
512,4921.5303
513,4964.2432
514,5102.4126
515,5183.8496
516,5213.8203
517,5278.1685
518,5330.1885
519,5447.9209
520,5451.2266
521,5529.6885
522,5447.4468
523,5316.4751
524,5763.3794
525,5618.6680
526,5082.7451
527,4839.1182
528,4735.5391
529,4618.8657
530,4768.7676
531,4833.7241
532,5001.2842
533,4908.1421
534,5056.8794
535,5152.3794
536,5220.8213
537,5209.4351
538,5228.7612
539,5252.5254
540,5283.4897
541,5304.9443
542,5268.1460
543,5384.6704
544,5452.9932
545,5487.4380
546,5331.9155
547,5451.4180
548,5491.2163
549,5492.1074
550,5524.9624
551,5631.6104
552,5610.4170
553,5557.1011
554,5499.5532
555,5481.4604
556,5665.3813
557,5108.6294
558,4629.4863
559,4719.0601
560,4754.3833
561,4849.3481
562,4883.9780
563,4991.1919
564,5090.2388
565,5266.3647
566,5269.1157
567,5263.6787
568,5228.9722
569,5261.4062
570,5369.1343
571,5390.4541
572,5359.1357
573,5033.6685
574,5247.9199
575,5231.2612
576,5195.8701
577,5307.6685
578,5544.2300
579,5559.1855
580,5557.8350
581,5494.6855
582,5491.3301
583,5511.0117
584,5464.7861
585,5572.0264
586,5598.0034
587,5749.9810
588,5212.7158
589,5009.3975
590,4949.1812
591,4973.0591
592,5012.6304
593,4984.8237
594,4945.3125
595,4987.2192
596,4974.2764
597,5098.8374
598,5256.3560
599,5427.4517
600,5258.8467
601,5455.8125
602,5418.2378
603,5448.5869
604,5478.1948
605,5540.2100
606,5532.0576
607,5482.9873
608,5548.0044
609,5530.4482
610,5640.5430
611,5691.5698
612,5649.4487
613,5550.6230
614,5677.9023
615,5624.9473
616,5662.1885
617,5589.7422
618,5935.0029
619,5557.4922
620,5395.5913
621,5317.3911
622,5357.2280
623,5287.3579
624,5264.9663
625,5341.5225
626,5307.1436
627,5460.6494
628,5584.8594
629,5596.2178
630,5654.6387
631,5711.6104
632,5614.0645
633,5574.1519
634,5586.4985
635,5628.3569
636,5719.2075
637,5669.9326
638,5445.7266
639,5530.2905
640,5600.2061
641,5505.2637
642,5655.9692
643,5635.1670
644,5768.7617
645,5762.2432
646,5719.1631
647,5779.3018
648,5764.0610
649,5994.5073
650,5878.1724
651,5200.6348
652,5395.6357
653,5269.1475
654,5156.5347
655,5158.0469
656,5161.7432
657,5210.6494
658,5231.5898
659,5261.2451
660,5539.7217
661,5500.7642
662,5565.9185
663,5559.0166
664,5577.4951
665,5545.5225
666,5459.6382
667,5631.8691
668,5692.6260
669,5658.6655
670,5681.7441
671,5659.4224
672,5664.1699
673,5624.3237
674,5645.5698
675,5692.5894
676,5713.6353
677,5787.5298
678,5797.5244
679,5664.8379
680,5646.5405
681,5974.4634
682,5561.4917
683,5474.8423
684,5458.1592
685,5558.4854
686,5440.8584
687,5473.0063
688,5553.8359
689,5630.1182
690,5543.9893
691,5607.2275
692,5618.3130
693,5540.8188
694,5505.9629
695,5553.9897
696,5597.8940
697,5757.6816
698,5787.5981
699,5765.7153
700,5623.2319
701,5690.1641
702,5781.2129
703,5799.3511
704,5858.5010
705,5786.3267
706,5909.1304
707,5718.1748
708,5552.0503
709,5761.9351
710,5758.8438
711,5759.4028
712,6005.9854
713,5732.0024
714,5593.9224
715,5439.2329
716,5463.5859
717,5559.0220
718,5705.0801
719,5729.6572
720,5740.7866
721,5781.9487
722,5788.7261
723,5806.7212
724,5677.4751
725,5747.3799
726,5811.1216
727,5722.0884
728,5735.3828
729,5791.5234
730,5649.2095
731,5767.3467
732,5701.7700
733,5627.1841
734,5715.9736
735,5766.8267
736,5826.4204
737,5762.9175
738,5530.7378
739,5654.8828
740,5841.2861
741,5808.3599
742,5834.3374
743,6008.1816
744,5670.1450
745,5582.4229
746,5557.2153
747,5206.4624
748,5311.1538
749,5476.1792
750,5408.2920
751,5316.0112
752,5531.8232
753,5506.7388
754,5594.5317
755,5639.4082
756,5815.6880
757,5800.1450
758,5716.2021
759,5757.1143
760,5649.8330
761,5830.4678
762,5786.5479
763,5743.8271
764,5713.6973
765,5662.0122
766,5710.3447
767,5820.0830
768,5780.5459
769,5791.4111
770,5737.1470
771,5831.3916
772,5913.5122
773,5941.4492
774,6157.9688
775,5976.5435
776,5907.8887
777,5728.0312
778,5561.7720
779,5433.8569
780,5653.1572
781,5708.5566
782,5754.3735
783,5831.2363
784,5850.1636
785,5926.7886
786,5899.3931
787,5846.8760
788,5552.1299
789,5661.5317
790,5875.7188
791,5842.5347
792,5848.9043
793,5884.7861
794,5769.8125
795,5885.0649
796,5910.2710
797,5944.9961
798,6000.4023
799,5925.8984
800,5936.8940
801,5895.8770
802,5938.8022
803,5912.9351
804,5862.5054
805,5821.1226
806,6029.3711
807,5658.3643
808,5801.2319
809,5605.9751
810,5637.2207
811,5555.2056
812,5500.3892
813,5532.3335
814,5757.1450
815,5614.2725
816,5683.4062
817,5702.5728
818,5708.1924
819,5810.9160
820,5828.0430
821,5776.1484
822,5745.3916
823,5886.9282
824,5789.2642
825,5769.1318
826,5745.0234
827,5871.2456
828,5730.1304
829,5645.0518
830,5671.7124
831,5822.8936
832,5922.1797
833,5855.7417
834,5947.8569
835,5881.9966
836,5922.7144
837,6140.3169
838,5905.8828
839,5848.8330
840,5856.7568
841,5579.0522
842,5624.8887
843,5579.7788
844,5687.4834
845,5747.3794
846,5810.7856
847,5742.5981
848,5715.7075
849,5546.4092
850,5595.2793
851,5751.4048
852,5860.5342
853,5731.7349
854,5787.6113
855,5837.7935
856,5870.7021
857,5832.5400
858,5874.2051
859,5804.7080
860,5785.2710
861,5872.6938
862,5764.1572
863,5742.4321
864,5873.9863
865,5915.1963
866,5887.6616
867,6055.3491
868,6218.7505
869,5917.1611
870,5971.9985
871,5932.8457
872,5778.0068
873,5781.8042
874,5672.3740
875,5702.6831
876,5708.1250
877,5579.0894
878,5805.1553
879,5625.0781
880,5762.0156
881,5768.1147
882,5779.5713
883,5727.9648
884,5848.5962
885,5890.3403
886,5659.2441
887,5935.8569
888,5983.4790
889,5889.5435
890,6005.7910
891,6028.9497
892,6009.4819
893,5888.2437
894,6005.4263
895,5984.6128
896,5984.8613
897,5972.3047
898,5833.9668
899,6362.0034
900,6012.4316
901,6078.9248
902,6088.5317
903,5676.6123
904,5815.6348
905,5821.6748
906,5785.9824
907,5913.3345
908,6053.2842
909,6038.9844
910,5900.7510
911,6009.7334
912,5968.3335
913,5964.9541
914,6048.2446
915,5956.0562
916,5949.9331
917,5960.8311
918,5809.2544
919,5954.6025
920,6047.5410
921,5993.5229
922,5922.1685
923,5995.0972
924,6051.5312
925,6144.1011
926,6143.8872
927,6059.6284
928,6132.9360
929,6002.2700
930,5901.0747
931,5920.2251
932,5869.9160
933,6007.1118
934,5763.8892
935,5751.6904
936,5878.0200
937,5805.8887
938,5776.0342
939,5835.1426
940,6013.1235
941,6050.1812
942,5798.8936
943,5891.7632
944,5879.5405
945,6020.5273
946,6084.5220
947,5909.9331
948,6034.5781
949,6016.2759
950,6181.2505
951,6004.6611
952,6123.6655
953,5897.0845
954,6127.5615
955,6061.1323
956,6014.4263
957,6009.0063
958,6171.7480
959,6138.1572
960,6125.9180
961,6113.4438
962,6286.6943
963,6022.2935
964,6233.7373
965,6015.5806
966,5909.7119
967,6082.6279
968,5895.5581
969,5854.1147
970,5965.3916
971,5986.3555
972,6057.0601
973,6186.4941
974,5981.1792
975,6097.0366
976,5987.5093
977,5997.8237
978,6048.7754
979,6101.5259
980,6140.7422
981,6085.3228
982,6152.7212
983,6030.9604
984,6046.7466
985,5976.8550
986,6118.3223
987,6171.1025
988,6130.3438
989,6012.2412
990,6151.5674
991,6097.4243
992,6259.7490
993,6332.9375
994,6281.6909
995,6159.8442
996,6148.6680
997,6034.2319
998,5982.6074
999,5958.7480
1000,5949.4634
1001,5933.8174
1002,5914.1436
1003,5828.7319
1004,5867.8569
1005,5809.6909
1006,6013.0913
1007,6034.0537
1008,5980.9287
1009,6125.6860
1010,6133.4478
1011,6025.5181
1012,5981.1997
1013,6006.7646
1014,6017.5415
1015,6063.4238
1016,5999.0967
1017,5967.3486
1018,5897.6104
1019,5980.3623
1020,5921.9282
1021,6053.8101
1022,5927.4336
1023,6096.4204
1024,6511.5425
1025,6141.5010
1026,5866.8286
1027,5742.7759
1028,5790.4111
1029,5779.4653
1030,5749.5244
1031,5935.2412
1032,5971.1504
1033,6068.4688
1034,6001.7412
1035,5946.0815
1036,6092.7822
1037,6132.0376
1038,5967.5303
1039,6009.6592
1040,6046.7173
1041,6169.5635
1042,6281.2925
1043,6069.6367
1044,6082.9360
1045,6181.9468
1046,6022.9155
1047,6004.8350
1048,5875.2349
1049,5882.6929
1050,6018.7217
1051,6022.0288
1052,6050.6519
1053,6191.6772
1054,6163.8975
1055,6154.9868
1056,6125.6943
1057,6245.4697
1058,6083.5703
1059,5974.9453
1060,6051.0557
1061,5978.1367
1062,6056.0225
1063,6072.0161
1064,6011.3379
1065,6087.6338
1066,6116.7349
1067,6012.9282
1068,6100.2676
1069,6097.6836
1070,5955.8301
1071,5975.3042
1072,6093.5391
1073,5891.0972
1074,5972.2925
1075,6024.5967
1076,6065.5791
1077,6065.5063
1078,6174.1509
1079,6025.4517
1080,6198.6709
1081,6246.7466
1082,6129.3066
1083,6114.4819
1084,6246.6631
1085,6085.1987
1086,6027.7480
1087,6401.7261
1088,6119.4336
1089,6286.4712
1090,6123.6899
1091,5983.5615
1092,5999.5474
1093,6186.3823
1094,6090.6509
1095,6031.6943
1096,6046.7480
1097,6042.6304
1098,5922.8960
1099,6052.5249
1100,6086.4565
1101,6202.6338
1102,6347.2524
1103,6267.1816
1104,6191.8994
1105,6045.9565
1106,6130.6992
1107,6158.0581
1108,6169.4395
1109,6074.8174
1110,6162.2632
1111,6304.9219
1112,6239.0425
1113,6077.5669
1114,6121.9976
1115,6304.6216
1116,6263.4238
1117,6051.7969
1118,6478.5200
1119,6291.4609
1120,6262.2109
1121,6172.9751
1122,6139.8481
1123,6099.1548
1124,6095.3813
1125,5879.3047
1126,5967.2319
1127,5939.6816
1128,6087.9536
1129,5953.1343
1130,6177.3369
1131,6098.9106
1132,6027.2710
1133,6040.4082
1134,6104.2856
1135,6151.7100
1136,6148.3003
1137,6363.8330
1138,6177.7056
1139,6161.8159
1140,6297.8418
1141,6178.9019
1142,6086.1699
1143,6144.3047
1144,6230.7129
1145,6190.4404
1146,6067.8535
1147,6211.3628
1148,6208.2710
1149,6637.6816
1150,6234.7334
1151,6273.5122
1152,6190.9644
1153,6086.8091
1154,6178.1821
1155,6149.2881
1156,6134.4473
1157,5884.4395
1158,5991.7822
1159,6083.5894
1160,6042.9878
1161,6039.6187
1162,6233.7925
1163,6090.3354
1164,5995.1992
1165,6327.9307
1166,6268.1367
1167,6152.9312
1168,6266.9355
1169,6253.7349
1170,6136.7485
1171,6259.8013
1172,6138.9741
1173,6273.2261
1174,6225.4365
1175,6313.6304
1176,6088.9448
1177,6322.8936
1178,6163.9082
1179,6121.0029
1180,6155.8540
1181,6492.5884
1182,6443.2554
1183,6348.8843
1184,6338.5063
1185,6145.2944
1186,6189.1753
1187,6093.1792
1188,6304.5288
1189,6265.1606
1190,6174.5601
1191,6263.7324
1192,6261.6582
1193,6411.4062
1194,6223.2266
1195,6217.3281
1196,6128.5781
1197,6150.6279
1198,6296.4331
1199,6290.1123
1200,6291.5044
1201,6358.3384
1202,6291.3042
1203,6457.1040
1204,6329.6284
1205,6329.4653
1206,6211.8574
1207,6350.5342
1208,6318.3457
1209,6363.3159
1210,6187.4761
1211,6233.7363
1212,6593.7969
1213,6576.6372
1214,6227.7773
1215,6341.0532
1216,6038.8828
1217,6273.2700
1218,6231.4185
1219,6216.9644
1220,6197.1123
1221,6256.8960
1222,6272.2173
1223,6424.9365
1224,6300.4082
1225,6420.6196
1226,6386.8442
1227,6460.0425
1228,6233.8936
1229,6373.0801
1230,6416.6123
1231,6218.2119
1232,6171.4351
1233,6314.8994
1234,6226.1143
1235,6220.8481
1236,6283.8467
1237,6301.5430
1238,6186.1597
1239,6302.6294
1240,6278.8628
1241,6281.4541
1242,6281.7456
1243,6520.9292
1244,6213.4268
1245,6372.4819
1246,6130.0254
1247,6211.0850
1248,6077.2788
1249,6209.8350
1250,6284.4028
1251,6312.5981
1252,6276.1797
1253,6092.1963
1254,6251.2378
1255,6396.1060
1256,6297.9619
1257,6267.8657
1258,6114.7842
1259,6377.9155
1260,6233.6240
1261,6162.2163
1262,6263.6582
1263,6375.2373
1264,6354.9907
1265,6366.9399
1266,6131.7988
1267,6362.9766
1268,6248.9136
1269,6192.4976
1270,6139.5386
1271,6199.2681
1272,6185.0767
1273,6242.2915
1274,6725.7603
1275,6425.1484
1276,6305.6353
1277,6354.6553
1278,6166.5688
1279,6135.3198
1280,6060.5942
1281,6103.0498
1282,6104.8628
1283,6212.1567
1284,6246.9829
1285,6312.3149
1286,5994.0142
1287,6163.4248
1288,6120.7847
1289,6185.8335
1290,6190.6523
1291,6123.2144
1292,6237.5928
1293,6305.2290
1294,5966.7617
1295,6189.2056
1296,6318.0244
1297,6342.4521
1298,6196.7524
1299,6244.7656
1300,6274.8066
1301,6157.6328
1302,6155.8862
1303,6273.4717
1304,6220.3257
1305,6239.8491
1306,6107.7432
1307,6155.7368
1308,5995.9595
1309,6088.7363
1310,6086.2285
1311,6182.7993
1312,6171.7378
1313,6219.6118
1314,6139.2446
1315,6167.7446
1316,6144.3555
1317,6100.2461
1318,6166.9116
1319,6214.4229
1320,6201.3872
1321,6214.1763
1322,6133.1665
1323,6266.4678
1324,6314.9673
1325,6319.5825
1326,6286.7612
1327,6338.0498
1328,5988.6240
1329,6143.3271
1330,6050.1699
1331,6215.8594
1332,6213.6372
1333,6271.9629
1334,6438.7959
1335,6357.1426
1336,6246.3794
1337,6447.9424
1338,6144.3843
1339,6163.9956
1340,6274.0400
1341,6086.7935
1342,6048.4541
1343,6194.5259
1344,6301.8135
1345,6367.7207
1346,6496.8159
1347,6303.0957
1348,6355.7134
1349,6438.6885
1350,6281.4697
1351,6101.3242
1352,6238.0713
1353,6188.0786
1354,6346.5542
1355,6310.8286
1356,6294.1968
1357,6199.5884
1358,6302.9116
1359,6337.2588
1360,6183.7754
1361,6103.2534
1362,6229.9946
1363,6200.9009
1364,6125.8931
1365,6148.9893
1366,6296.8457
1367,6247.7676
1368,6415.9878
1369,6442.4038
1370,6244.2974
1371,6219.8530
1372,6264.1475
1373,6222.5000
1374,6052.1548
1375,6247.4312
1376,6388.1729
1377,6151.5366
1378,6167.4536
1379,6200.0728
1380,6150.5605
1381,6140.8047
1382,6126.0957
1383,6299.1392
1384,6334.8604
1385,6310.7578
1386,6435.0249
1387,6189.7217
1388,6375.1973
1389,6144.0557
1390,6232.0273
1391,6301.1504
1392,6335.0381
1393,6372.3853
1394,6504.9126
1395,6537.7261
1396,6439.7637
1397,6230.4946
1398,6341.1382
1399,6550.3594
1400,6529.2378
1401,6566.1094
1402,6315.3086
1403,6401.3940
1404,6367.5669
1405,6368.1191
1406,6349.9507
1407,6188.4941
1408,6244.7397
1409,6269.7310
1410,6354.6606
1411,6533.7900
1412,6535.3267
1413,6506.9209
1414,6493.6094
1415,6457.2280
1416,6321.1494
1417,6391.2080
1418,6351.7817
1419,6258.7036
1420,6484.6924
1421,6276.0542
1422,6395.2720
1423,6380.2856
1424,6351.7178
1425,6316.1641
1426,6420.2344
1427,6354.3999
1428,6377.1528
1429,6201.2734
1430,6370.5234
1431,6544.2388
1432,6343.2231
1433,6395.1655
1434,6524.9536
1435,6325.6323
1436,6313.0146
1437,6272.5103
1438,6499.7407
1439,6293.4917
1440,6474.6494
1441,6453.6392
1442,6417.7349
1443,6453.5112
1444,6359.6548
1445,6322.1104
1446,6010.0513
1447,6107.8047
1448,6356.3926
1449,6374.0967
1450,6400.3037
1451,6423.6475
1452,6221.4946
1453,6434.1240
1454,6337.4043
1455,6288.2056
1456,6212.5967
1457,6329.5444
1458,6361.1353
1459,6225.5654
1460,6380.5522
1461,6358.1299
1462,6376.0425
1463,6243.2378
1464,6315.8696
1465,6304.8525
1466,6348.6538
1467,6114.4707
1468,6193.1812
1469,6195.4966
1470,6101.6426
1471,6308.0337
1472,6196.1392
1473,6354.7891
1474,6183.3638
1475,6280.2749
1476,6126.8784
1477,6165.9961
1478,6132.6230
1479,6215.3481
1480,6274.1494
1481,6274.4487
1482,6219.0190
1483,6141.1270
1484,6319.8818
1485,6223.4541
1486,6211.0898
1487,5993.8560
1488,5937.4551
1489,6090.0044
1490,6372.2979
1491,6201.6719
1492,6189.0811
1493,6392.9438
1494,6105.0156
1495,6069.2676
1496,5989.8057
1497,5970.7051
1498,6057.4565
1499,6314.0522
1500,6000.2222
1501,6269.6240
1502,6402.2549
1503,6254.9780
1504,6295.0625
1505,6373.5474
1506,6365.4111
1507,6267.9756
1508,6334.5605
1509,6487.3682
1510,6371.7886
1511,6301.1055
1512,6388.6396
1513,6529.4229
1514,6350.6226
1515,6288.7178
1516,6237.7212
1517,6335.0010
1518,6367.3711
1519,6353.7056
1520,6382.2329
1521,6439.2573
1522,6216.0435
1523,6378.7710
1524,6529.0430
1525,6523.3218
1526,6229.2437
1527,6194.8403
1528,6291.5347
1529,6362.8154
1530,6240.5166
1531,6432.4009
1532,6224.6831
1533,6131.7637
1534,6157.3188
1535,6201.6855
1536,6250.9785
1537,6367.7373
1538,6205.0254
1539,6409.4565
1540,6352.7734
1541,6279.8262
1542,6205.0322
1543,6167.8813
1544,6454.7944
1545,6516.4253
1546,6486.4736
1547,6502.6079
1548,6600.1807
1549,6571.2710
1550,6409.7251
1551,6443.0938
1552,6401.3535
1553,6525.9160
1554,6388.9111
1555,6357.1841
1556,6435.1543
1557,6440.3354
1558,6362.9336
1559,6284.7876
1560,6401.7056
1561,6388.7432
1562,6505.4268
1563,6380.1523
1564,6498.0254
1565,6461.6719
1566,6425.5981
1567,6448.9355
1568,6449.4536
1569,6316.6367
1570,6341.7549
1571,6328.0244
1572,6275.7036
1573,6318.7192
1574,6510.5957
1575,6451.5479
1576,6337.8032
1577,6503.4297
1578,6560.2222
1579,6471.4106
1580,6566.3965
1581,6362.0415
1582,6354.8872
1583,6575.2817
1584,6395.0430
1585,6536.8506
1586,6451.5234
1587,6592.0029
1588,6614.3013
1589,6500.6899
1590,6288.3970
1591,6395.8613
1592,6547.2261
1593,6623.4175
1594,6451.1631
1595,6315.1685
1596,6393.8955
1597,6611.4263
1598,6571.4395
1599,6402.8267
1600,6474.4985
1601,6536.4067
1602,6574.3135
1603,6470.1655
1604,6427.0137
1605,6561.4067
1606,6452.9092
1607,6469.1182
1608,6428.1084
1609,6346.0630
1610,6398.4380
1611,6512.8032
1612,6612.2661
1613,6638.6699
1614,6421.7266
1615,6560.5571
1616,6071.8149
1617,6305.1709
1618,6379.0630
1619,6450.2959
1620,6414.8975
1621,6533.7705
1622,6510.8560
1623,6583.5181
1624,6572.3750
1625,6596.3462
1626,6677.3374
1627,6624.2212
1628,6469.1191
1629,6529.4810
1630,6466.2812
1631,6410.0332
1632,6523.2749
1633,6519.7056
1634,6426.0503
1635,6473.2100
1636,6565.6436
1637,6542.5566
1638,6602.5454
1639,6669.6328
1640,6582.4863
1641,6609.4668
1642,6428.3936
1643,6417.4941
1644,6369.5488
1645,6469.9175
1646,6606.3711
1647,6547.3511
1648,6506.5273
1649,6541.7490
1650,6446.4385
1651,6412.8530
1652,6548.1255
1653,6479.0400
1654,6373.4722
1655,6363.9360
1656,6367.9448
1657,6497.2578
1658,6495.5029
1659,6443.0688
1660,6542.3525
1661,6588.1597
1662,6598.3667
1663,6591.8013
1664,6489.5991
1665,6460.6216
1666,6611.3110
1667,6398.2441
1668,6397.2905
1669,6390.7500
1670,6596.6553
1671,6578.4121
1672,6664.1553
1673,6443.7734
1674,6478.7446
1675,6535.8516
1676,6479.2930
1677,6509.5757
1678,6333.7520
1679,6389.6680
1680,6522.5693
1681,6743.6431
1682,6624.4790
1683,6355.9697
1684,6475.2974
1685,6352.2188
1686,6682.3979
1687,6735.3203
1688,6453.3042
1689,6447.4155
1690,6495.9897
1691,6484.8003
1692,6381.4580
1693,6529.7241
1694,6587.4785
1695,6398.9580
1696,6643.2461
1697,6552.2051
1698,6451.3398
1699,6653.5000
1700,6539.2876
1701,6553.1475
1702,6383.1855
1703,6446.7324
1704,6288.7021
1705,6422.7998
1706,6358.9604
1707,6409.2568
1708,6298.2490
1709,6474.1885
1710,6644.1479
1711,6575.0356
1712,6586.2397
1713,6499.0044
1714,6641.3486
1715,6356.7588
1716,6222.4438
1717,6379.0874
1718,6306.0454
1719,6368.4082
1720,6526.6538
1721,6569.2212
1722,6496.4468
1723,6485.8574
1724,6513.2656
1725,6546.8071
1726,6689.5186
1727,6445.8110
1728,6443.3213
1729,6627.3135
1730,6486.8584
1731,6444.5566
1732,6491.5181
1733,6487.1460
1734,6544.9219
1735,6501.9219
1736,6491.4609
1737,6468.0801
1738,6601.0513
1739,6521.6123
1740,6439.2324
1741,6580.1899
1742,6598.5156
1743,6502.4468
1744,6468.4424
1745,6521.6035
1746,6535.4766
1747,6647.2197
1748,6475.0000
1749,6250.7646
1750,6516.2329
1751,6597.8716
1752,6359.0923
1753,6446.5278
1754,6445.0161
1755,6455.1992
1756,6568.2129
1757,6343.7134
1758,6340.6875
1759,6299.8066
1760,6511.8716
1761,6456.0547
1762,6417.9966
1763,6425.7529
1764,6417.2891
1765,6438.0728
1766,6645.0947
1767,6666.7217
1768,6506.5601
1769,6598.2402
1770,6560.6484
1771,6537.0098
1772,6245.1196
1773,6407.1196
1774,6367.9463
1775,6595.0698
1776,6481.8110
1777,6349.2085
1778,6513.3823
1779,6333.2007
1780,6488.3379
1781,6469.9116
1782,6310.8066
1783,6443.2017
1784,6424.6196
1785,6472.5806
1786,6459.3506
1787,6475.1729
1788,6413.0381
1789,6584.9121
1790,6710.2554
1791,6265.8911
1792,6427.4331
1793,6632.5947
1794,6491.9609
1795,6422.3174
1796,6447.4360
1797,6652.2842
1798,6729.2310
1799,6469.0562
1800,6482.4956
1801,6389.0923
1802,6427.6611
1803,6444.3457
1804,6623.1606
1805,6510.3872
1806,6640.1816
1807,6606.0630
1808,6462.5728
1809,6492.7085
1810,6645.1475
1811,6444.3223
1812,6601.7163
1813,6645.7725
1814,6685.9424
1815,6591.3125
1816,6598.7568
1817,6428.9248
1818,6663.1851
1819,6763.3906
1820,6668.4238
1821,6587.1465
1822,6509.6562
1823,6636.4092
1824,6503.5322
1825,6521.4990
1826,6575.5405
1827,6460.9565
1828,6529.8843
1829,6593.9590
1830,6418.3613
1831,6429.8130
1832,6504.9248
1833,6326.0747
1834,6537.6040
1835,6570.2998
1836,6541.6636
1837,6477.8774
1838,6461.3760
1839,6506.3398
1840,6614.2290
1841,6488.4556
1842,6437.5981
1843,6512.3428
1844,6387.2490
1845,6383.2192
1846,6469.6855
1847,6659.0557
1848,6506.3750
1849,6506.7837
1850,6484.8550
1851,6628.2788
1852,6662.1841
1853,6465.0137
1854,6646.5181
1855,6556.1777
1856,6461.1426
1857,6392.5405
1858,6420.8018
1859,6603.8130
1860,6640.9106
1861,6582.6621
1862,6588.7529
1863,6573.4810
1864,6659.5215
1865,6634.9756
1866,6705.9419
1867,6440.8574
1868,6600.8091
1869,6683.0972
1870,6570.7646
1871,6662.5771
1872,6520.6699
1873,6479.0918
1874,6609.1572
1875,6510.2646
1876,6449.9653
1877,6593.5723
1878,6774.6499
1879,6784.9116
1880,6614.1084
1881,6598.2124
1882,6585.9434
1883,6737.0723
1884,6638.8281
1885,6540.4062
1886,6712.5801
1887,6498.7686
1888,6630.3315
1889,6554.9253
1890,6694.7871
1891,6768.6592
1892,6749.5728
1893,6623.0469
1894,6827.3291
1895,6723.2104
1896,6782.2974
1897,6731.6582
1898,6434.3081
1899,6497.1431
1900,6621.2910
1901,6683.1191
1902,6504.1699
1903,6665.8423
1904,6605.8960
1905,6428.6123
1906,6672.0200
1907,6796.2441
1908,6650.9243
1909,6603.6680
1910,6755.2554
1911,6763.0679
1912,6805.9243
1913,6574.7261
1914,6531.8203
1915,6638.6860
1916,6698.8018
1917,6538.1699
1918,6454.4673
1919,6631.3472
1920,6771.5654
1921,6490.4336
1922,6562.6284
1923,6577.4331
1924,6500.9790
1925,6643.0342
1926,6696.9360
1927,6766.9355
1928,6887.2861
1929,6762.3652
1930,6641.0347
1931,6575.7554
1932,6588.9834
1933,6580.0073
1934,6577.0723
1935,6777.3169
1936,6835.3271
1937,6743.9336
1938,6777.4043
1939,6691.7065
1940,6673.7886
1941,6730.3047
1942,6759.4468
1943,6729.8506
1944,6771.8555
1945,6718.7354
1946,6794.9199
1947,6780.7231
1948,6567.3091
1949,6635.2822
1950,6711.0386
1951,6722.9067
1952,6631.8184
1953,6765.8003
1954,6718.9961
1955,6654.4492
1956,6628.3398
1957,6739.7246
1958,6568.8872
1959,6757.4941
1960,6611.8398
1961,6812.4644
1962,6733.0703
1963,6656.0322
1964,6784.1074
1965,6614.1519
1966,6672.1016
1967,6662.4810
1968,6737.7388
1969,6530.0347
1970,6720.9136
1971,6704.0957
1972,6815.9849
1973,6866.4419
1974,6862.4980
1975,6700.5005
1976,6668.4517
1977,6838.4634
1978,6893.0034
1979,6800.0498
1980,6705.8330
1981,6805.4312
1982,6818.2700
1983,6860.4443
1984,6798.8403
1985,6662.4800
1986,6566.8154
1987,6545.7456
1988,6539.1284
1989,6807.9604
1990,6758.7134
1991,6836.4229
1992,6400.4512
1993,6786.5645
1994,6722.8442
1995,6539.0112
1996,6594.9790
1997,6725.0830
1998,6510.9761
1999,6602.6660
2000,6596.1650
2001,6541.7842
2002,6616.4253
2003,6540.8403
2004,6843.7681
2005,6802.6860
2006,6702.9175
2007,6656.9648
2008,6737.9355
2009,6644.3374
2010,6658.5479
2011,6636.9019
2012,6771.9082
2013,6589.6997
2014,6752.1323
2015,6841.2847
2016,6796.5728
2017,6601.9775
2018,6797.4536
2019,6745.7041
2020,6795.3613
2021,6858.2773
2022,6740.9268
2023,6646.9331
2024,6627.8091
2025,6621.6494
2026,6724.2974
2027,6514.6440
2028,6646.9648
2029,6590.3569
2030,6714.5527
2031,6643.6675
2032,6683.9131
2033,6573.0659
2034,6641.1523
2035,6681.0684
2036,6613.3730
2037,6695.1069
2038,6795.3662
2039,6650.8350
2040,6759.9893
2041,6726.4404
2042,6698.7881
2043,6754.6309
2044,6608.1406
2045,6517.1719
2046,6602.2603
2047,6657.7661
2048,6717.3457
2049,6679.8301
2050,6744.8882
2051,6847.4888
2052,6637.1362
2053,6606.2710
2054,6683.5767
2055,6520.7080
2056,6514.0356
2057,6706.0029
2058,6672.2065
2059,6700.2041
2060,6853.4580
2061,6669.7163
2062,6762.7681
2063,6565.8184
2064,6736.2236
2065,6731.0825
2066,6752.3228
2067,6630.6973
2068,6490.8569
2069,6610.3428
2070,6636.4668
2071,6834.5259
2072,6678.3979
2073,6812.2617
2074,6724.3369
2075,6888.8213
2076,6714.4331
2077,6735.3354
2078,6630.0073
2079,6710.4272
2080,6674.0229
2081,6557.7236
2082,6568.5488
2083,6732.5298
2084,6892.0713
2085,6737.2793
2086,6678.8662
2087,6762.3774
2088,6667.5874
2089,6587.8628
2090,6652.6206
2091,6598.5215
2092,6702.6143
2093,6676.7666
2094,6745.6338
2095,6507.7773
2096,6687.2871
2097,6774.7690
2098,6681.4321
2099,6670.9409
2100,6779.7632
2101,6680.8555
2102,6690.3838
2103,6541.0869
2104,6777.7690
2105,6826.2837
2106,6788.2207
2107,6765.4399
2108,6708.9453
2109,6829.5337
2110,6761.1099
2111,6740.9580
2112,6757.8735
2113,6578.6206
2114,6537.4019
2115,6464.9429
2116,6611.1060
2117,6706.9443
2118,6553.0103
2119,6775.3398
2120,6816.1787
2121,6802.0537
2122,6492.9336
2123,6672.3726
2124,6708.1616
2125,6678.4575
2126,6813.4409
2127,6683.0400
2128,6697.7979
2129,6759.7798
2130,6592.1025
2131,6596.9512
2132,6672.3374
2133,6798.6992
2134,6717.3882
2135,6615.1504
2136,6562.7432
2137,6822.2705
2138,6820.2188
2139,6820.2466
2140,6917.9517
2141,6670.9375
2142,6723.8125
2143,6673.2866
2144,6634.0962
2145,6608.5967
2146,6858.5850
2147,6774.3413
2148,6852.8628
2149,6732.8174
2150,6649.0269
2151,6793.8750
2152,6679.7065
2153,6734.7065
2154,6753.9312
2155,6754.0474
2156,6727.8750
2157,6606.1616
2158,6627.7729
2159,6756.2163
2160,6779.8169
2161,6424.0962
2162,6696.6523
2163,6710.7915
2164,6815.1660
2165,6735.2681
2166,6785.5215
2167,6668.4531
2168,6870.2803
2169,6711.3896
2170,6685.0156
2171,6840.9136
2172,6796.1875
2173,6637.4980
2174,6728.3174
2175,6669.2886
2176,6704.7778
2177,6822.9590
2178,6575.2129
2179,6722.9019
2180,6475.3813
2181,6648.0415
2182,6618.1294
2183,6551.6323
2184,6762.1123
2185,6632.2954
2186,6759.8931
2187,6707.6831
2188,6794.9238
2189,6728.1270
2190,6639.7944
2191,6781.5659
2192,6625.9980
2193,6545.7280
2194,6559.7085
2195,6456.5938
2196,6466.0938
2197,6544.8711
2198,6720.7979
2199,6608.0361
2200,6512.8643
2201,6678.6191
2202,6723.2412
2203,6659.8892
2204,6513.4819
2205,6755.2280
2206,6741.9399
2207,6705.1963
2208,6683.1055
2209,6772.2598
2210,6667.1919
2211,6660.3726
2212,6794.3154
2213,6358.2549
2214,6541.3101
2215,6777.9878
2216,6528.6680
2217,6571.8579
2218,6802.0034
2219,6676.9990
2220,6697.9985
2221,6627.7119
2222,6760.9062
2223,6525.0986
2224,6741.3628
2225,6702.3984
2226,6732.2534
2227,6665.4897
2228,6541.7012
2229,6749.5342
2230,6621.6084
2231,6924.3794
2232,6790.5371
2233,6719.8696
2234,6670.3022
2235,6815.6753
2236,6782.3457
2237,6608.5112
2238,6695.0020
2239,6544.0605
2240,6765.0894
2241,6809.1450
2242,6679.6738
2243,6618.7725
2244,6720.6777
2245,6770.8223
2246,6898.0669
2247,6846.1338
2248,6818.6685
2249,6742.9180
2250,6351.0259
2251,6563.6880
2252,6570.6211
2253,6681.7544
2254,6785.8311
2255,6844.5249
2256,6704.7329
2257,6924.0498
2258,6726.0146
2259,6676.9272
2260,6864.7524
2261,6663.5825
2262,6909.0811
2263,6826.3872
2264,6852.2456
2265,6912.1455
2266,6806.5557
2267,6648.2432
2268,6626.3804
2269,6634.4761
2270,6631.3418
2271,6761.1538
2272,6744.5425
2273,6775.6909
2274,6786.4531
2275,6728.5947
2276,6862.3145
2277,6578.8848
2278,6766.8662
2279,6906.3940
2280,6790.5757
2281,6925.8237
2282,6864.2915
2283,6504.1294
2284,6601.3066
2285,6677.9463
2286,6850.1167
2287,6817.2393
2288,6833.9761
2289,6836.3071
2290,6851.9399
2291,6667.2456
2292,6757.3428
2293,6748.5518
2294,6778.1953
2295,6915.2637
2296,6865.5884
2297,6547.5068
2298,6675.9277
2299,6722.9800
2300,6771.4272
2301,6760.3057
2302,6778.7075
2303,6702.3638
2304,6696.0474
2305,6572.2207
2306,6713.0312
2307,6707.8828
2308,6689.7534
2309,6680.7373
2310,6813.1997
2311,6747.6431
2312,6739.8237
2313,6729.3838
2314,6882.3057
2315,6722.3906
2316,6801.4551
2317,6852.4609
2318,6654.1138
2319,6705.0635
2320,6879.1997
2321,6910.7832
2322,6733.0161
2323,6805.7969
2324,6684.0190
2325,6676.1040
2326,6792.2949
2327,6795.5962
2328,6632.6172
2329,6756.6953
2330,6630.9023
2331,6794.2778
2332,6816.4307
2333,6821.5894
2334,6804.6431
2335,6635.6519
2336,6748.6597
2337,6907.7080
2338,6652.1479
2339,6539.9790
2340,6701.9897
2341,6702.8682
2342,6877.4512
2343,6667.4072
2344,6672.7197
2345,6637.8647
2346,6841.3735
2347,6882.3340
2348,6821.5649
2349,6751.8628
2350,6673.3354
2351,6794.2148
2352,6687.2085
2353,6835.0210
2354,6692.4297
2355,6975.7632
2356,6871.7393
2357,6916.7129
2358,6413.0942
2359,6755.6743
2360,6717.6665
2361,6641.9336
2362,6690.9536
2363,6817.0054
2364,6758.3467
2365,6837.8218
2366,6717.8193
2367,6911.6187
2368,6920.5645
2369,6826.9380
2370,6890.1304
2371,6585.6743
2372,6629.7012
2373,6717.2300
2374,6761.6128
2375,6654.8667
2376,6880.6396
2377,6799.6777
2378,6864.0435
2379,6958.4009
2380,6843.2075
2381,6763.5449
2382,6506.9775
2383,6816.6309
2384,6664.0957
2385,6798.3936
2386,6846.1519
2387,6605.6494
2388,6838.6318
2389,6552.9897
2390,6644.2500
2391,6500.2129
2392,6574.2354
2393,6688.8311
2394,6664.0894
2395,6666.3159
2396,6530.6924
2397,6700.0825
2398,6751.7261
2399,6859.3711
2400,6834.0049
2401,6646.1543
2402,6788.9609
2403,6637.1104
2404,6614.2388
2405,6681.4111
2406,6770.3960
2407,6922.9023
2408,6927.8086
2409,6926.0024
2410,6835.5317
2411,6756.1948
2412,6466.1362
2413,6701.3125
2414,6736.4111
2415,6813.4736
2416,6823.5146
2417,6829.4321
2418,6909.7480
2419,6779.1548
2420,6832.0112
2421,6924.7554
2422,6841.6499
2423,6802.4746
2424,6720.0742
2425,6693.9038
2426,6793.8735
2427,6834.1812
2428,6718.0054
2429,6775.6606
2430,6821.2188
2431,6907.4395
2432,6837.0957
2433,6842.8687
2434,6760.1606
2435,6851.4175
2436,6785.3599
2437,6867.7974
2438,6833.8438
2439,6851.7534
2440,6905.7266
2441,6909.8447
2442,6731.5210
2443,6661.4761
2444,6905.0503
2445,6927.1694
2446,6998.9375
2447,6729.0493
2448,6862.8726
2449,6659.5757
2450,6676.0210
2451,6848.9165
2452,6865.0767
2453,6854.5132
2454,6949.3379
2455,6729.4023
2456,6733.7485
2457,6634.2461
2458,6515.1499
2459,6811.3037
2460,6755.1338
2461,6710.8618
2462,6469.9248
2463,6515.4800
2464,6690.8823
2465,6624.1006
2466,6737.8779
2467,6843.2192
2468,6769.4180
2469,6725.2490
2470,6809.4634
2471,6690.4160
2472,6527.8071
2473,6679.7632
2474,6614.3804
2475,6637.4229
2476,6775.2856
2477,6633.0146
2478,6741.7134
2479,6750.6123
2480,6885.9624
2481,6599.0728
2482,6726.8462
2483,6810.0000
2484,6815.3516
2485,6765.7544
2486,6750.7246
2487,6640.8965
2488,6851.1841
2489,6596.8799
2490,6757.7710
2491,6505.1450
2492,6800.5498
2493,6742.8379
2494,6791.8613
2495,6748.0879
2496,6584.7334
2497,6703.8779
2498,6836.3213
2499,6821.6279
2500,6746.0786
2501,6683.7925
2502,6749.1885
2503,6801.6768
2504,6823.4150
2505,6695.8379
2506,6831.8027
2507,6754.5103
2508,6616.0928
2509,6536.2065
2510,6476.6040
2511,6664.2803
2512,6636.9868
2513,6519.1060
2514,6780.5029
2515,6647.1484
2516,6630.8667
2517,6536.4492
2518,6647.9990
2519,6469.7437
2520,6635.4097
2521,6394.2881
2522,6485.7437
2523,6651.7324
2524,6670.5005
2525,6721.9141
2526,6748.5034
2527,6866.1597
2528,6896.2881
2529,6708.4062
2530,6747.6162
2531,6728.8472
2532,6751.1665
2533,6790.4565
2534,6587.2236
2535,6832.3975
2536,6709.0884
2537,6686.3193
2538,6304.2900
2539,6664.8711
2540,6643.3843
2541,6728.0811
2542,6651.5176
2543,6702.9824
2544,6644.2290
2545,6690.9692
2546,6530.8198
2547,6513.5259
2548,6571.4312
2549,6549.7881
2550,6621.3638
2551,6788.9761
2552,6660.2700
2553,6474.3169
2554,6648.0479
2555,6613.2275
2556,6657.8623
2557,6546.9941
2558,6691.4863
2559,6652.6255
2560,6720.0068
2561,6810.3115
2562,6818.3154
2563,6813.6460
2564,6727.8057
2565,6644.6860
2566,6695.2041
2567,6842.0615
2568,6674.7612
2569,6583.6284
2570,6836.2051
2571,6731.0044
2572,6673.8491
2573,6744.6362
2574,6751.7529
2575,6555.2959
2576,6810.4141
2577,6615.9385
2578,6703.7178
2579,6630.3301
2580,6747.0762
2581,6775.5825
2582,6881.1455
2583,6558.3774
2584,6612.9766
2585,6662.5928
2586,6771.1387
2587,6601.9810
2588,6571.6504
2589,6481.0000
2590,6686.0566
2591,6609.2734
2592,6597.0444
2593,6680.2520
2594,6614.6367
2595,6775.2861
2596,6698.5571
2597,6483.9521
2598,6550.4116
2599,6731.5449
2600,6471.8237
2601,6498.3657
2602,6741.9263
2603,6815.8247
2604,6713.1572
2605,6841.2979
2606,6808.0156
2607,6768.3281
2608,6841.7998
2609,6657.3110
2610,6793.5278
2611,6678.1084
2612,6770.2178
2613,6802.4761
2614,6721.2378
2615,6771.1523
2616,6716.5186
2617,6661.0635
2618,6729.0791
2619,6731.2832
2620,6752.3130
2621,6636.6787
2622,6588.3193
2623,6633.0981
2624,6834.4956
2625,6596.1660
2626,6628.4019
2627,6562.1499
2628,6852.9004
2629,6866.7178
2630,6790.1460
2631,6693.3804
2632,6556.2974
2633,6599.6934
2634,6895.8960
2635,6821.2129
2636,6558.7646
2637,6628.7847
2638,6742.8975
2639,6869.1836
2640,6825.3730
2641,6696.7520
2642,6672.5034
2643,6790.6729
2644,6716.2637
2645,6678.2544
2646,6844.8398
2647,6774.7075
2648,6724.4043
2649,6830.1343
2650,6884.5332
2651,6830.1523
2652,6832.0181
2653,6849.2744
2654,6682.9561
2655,6758.7476
2656,6750.4277
2657,6663.5342
2658,6735.0122
2659,6506.4937
2660,6654.6875
2661,6789.3442
2662,6623.6431
2663,6775.2979
2664,6642.6250
2665,6607.8115
2666,6766.3740
2667,6666.3594
2668,6552.1494
2669,6706.0518
2670,6551.9399
2671,6486.5459
2672,6632.2900
2673,6708.2490
2674,6667.2773
2675,6473.3091
2676,6598.3071
2677,6456.3799
2678,6744.2485
2679,6685.7021
2680,6477.0000
2681,6659.7554
2682,6675.8228
2683,6768.6079
2684,6629.9028
2685,6702.4849
2686,6684.4375
2687,6855.3628
2688,6849.6885
2689,6584.6069
2690,6667.4155
2691,6712.4707
2692,6871.1738
2693,6612.2305
2694,6713.8931
2695,6722.8882
2696,6735.4766
2697,6887.3726
2698,6566.8779
2699,6570.0972
2700,6765.9243
2701,6665.2168
2702,6348.0000
2703,6469.8267
2704,6582.9268
2705,6786.1250
2706,6426.7661
2707,6503.1992
2708,6834.0156
2709,6750.0850
2710,6716.2793
2711,6489.6729
2712,6511.8882
2713,6626.7417
2714,6609.0869
2715,6580.3110
2716,6591.8066
2717,6746.1460
2718,6640.1504
2719,6501.6343
2720,6439.3042
2721,6620.8481
2722,6529.1572
2723,6615.7090
2724,6692.3149
2725,6725.9990
2726,6462.2109
2727,6466.4829
2728,6692.5347
2729,6796.1768
2730,6610.0078
2731,6665.1924
2732,6545.4365
2733,6644.2603
2734,6708.6777
2735,6538.2344
2736,6661.3672
2737,6603.9849
2738,6732.4697
2739,6583.6270
2740,6670.6719
2741,6578.0371
2742,6717.2715
2743,6451.8267
2744,6804.0034
2745,6613.5874
2746,6506.5405
2747,6559.6484
2748,6564.2065
2749,6720.8384
2750,6624.0430
2751,6423.5400
2752,6714.5493
2753,6715.5659
2754,6438.9941
2755,6645.1699
2756,6741.4121
2757,6752.8135
2758,6562.4766
2759,6550.4316
2760,6417.9409
2761,6405.9966
2762,6621.1919
2763,6544.6206
2764,6671.9395
2765,6517.6543
2766,6811.0088
2767,6682.4634
2768,6699.5381
2769,6649.9731
2770,6604.3398
2771,6495.0229
2772,6530.3042
2773,6589.2622
2774,6631.6587
2775,6526.6699
2776,6750.5034
2777,6609.8159
2778,6778.7759
2779,6458.3516
2780,6587.3818
2781,6493.3540
2782,6632.3750
2783,6752.6426
2784,6495.4116
2785,6681.0518
2786,6668.5527
2787,6664.6211
2788,6515.1328
2789,6715.3853
2790,6642.9341
2791,6736.6582
2792,6680.3906
2793,6472.8530
2794,6596.0610
2795,6480.3037
2796,6489.9575
2797,6719.6543
2798,6651.1616
2799,6919.0444
2800,6882.0444
2801,6721.6636
2802,6733.4492
2803,6643.4531
2804,6483.7197
2805,6522.3574
2806,6621.1191
2807,6748.3555
2808,6632.1309
2809,6611.4473
2810,6734.8667
2811,6789.6885
2812,6860.2222
2813,6581.8784
2814,6736.5093
2815,6674.3975
2816,6612.1006
2817,6728.0166
2818,6779.7954
2819,6860.5767
2820,6733.4902
2821,6694.7485
2822,6683.3716
2823,6746.6768
2824,6683.6475
2825,6721.1641
2826,6799.3965
2827,6782.4443
2828,6566.6406
2829,6682.5674
2830,6760.0859
2831,6686.6582
2832,6776.7231
2833,6671.9849
2834,6603.9556
2835,6776.8418
2836,6648.0132
2837,6511.4888
2838,6667.9268
2839,6673.3022
2840,6872.3848
2841,6885.7109
2842,6821.4707
2843,6842.2100
2844,6528.0234
2845,6834.1934
2846,6737.1123
2847,6655.7275
2848,6699.2534
2849,6740.1851
2850,6547.3457
2851,6809.7886
2852,6781.0347
2853,6828.9111
2854,6895.6685
2855,6906.5244
2856,6870.0605
2857,6631.2417
2858,6753.7334
2859,6659.6426
2860,6668.4019
2861,6710.5337
2862,6581.8667
2863,6681.8872
2864,6739.5527
2865,6753.2290
2866,6698.3257
2867,6655.7837
2868,6684.3862
2869,6737.4888
2870,6553.4712
2871,6856.4141
2872,6797.7954
2873,6858.3354
2874,6725.6553
2875,6713.8511
2876,6746.0806
2877,6652.8999
2878,6650.5322
2879,6864.0459
2880,6901.1611
2881,6770.1753
2882,6874.2354
2883,6807.6235
2884,6725.7490
2885,6651.3496
2886,6740.3550
2887,6722.5825
2888,6560.7256
2889,6670.5615
2890,6880.4565
2891,6752.5112
2892,6749.8584
2893,6832.7124
2894,6754.3110
2895,6764.2681
2896,6780.8560
2897,6773.6162
2898,6668.1475
2899,6674.5205
2900,6617.6167
2901,6873.7285
2902,6595.0693
2903,6706.3203
2904,6697.3193
2905,6685.3311
2906,6861.4536
2907,6882.3271
2908,6929.8740
2909,6789.3887
2910,6872.9849
2911,6818.0659
2912,6751.7734
2913,6864.7705
2914,6396.3394
2915,6668.9819
2916,6839.1665
2917,6678.2700
2918,6660.2275
2919,6736.1079
2920,6825.0034
2921,6517.1323
2922,6786.5312
2923,6856.4307
2924,6573.3687
2925,6666.8882
2926,6582.2256
2927,6782.3003
2928,6857.3149
2929,6876.6880
2930,6824.2725
2931,6855.1538
2932,6556.5713
2933,6771.4429
2934,6947.1704
2935,6683.1138
2936,6783.7402
2937,6749.8662
2938,6825.8740
2939,6849.7300
2940,6762.4834
2941,6653.5488
2942,6824.4287
2943,6833.4507
2944,6840.0068
2945,6918.8223
2946,6852.2886
2947,6823.6709
2948,6985.8799
2949,6834.8203
2950,6692.9360
2951,6626.0337
2952,6786.9453
2953,6909.1523
2954,6785.5200
2955,6868.6284
2956,6964.5078
2957,6896.8247
2958,6785.6084
2959,6884.1304
2960,6853.9819
2961,6881.0947
2962,6762.1460
2963,6699.1772
2964,6871.4375
2965,6955.9966
2966,6696.2432
2967,6941.6685
2968,6857.8911
2969,6882.0562
2970,6737.0835
2971,6689.2119
2972,6811.1196
2973,6706.6611
2974,6841.3750
2975,6954.9409
2976,6968.8086
2977,6885.2788
2978,6710.4736
2979,6799.3887
2980,6808.6934
2981,6714.6836
2982,6699.5488
2983,6794.3735
2984,6871.5898
2985,6923.5713
2986,6927.1406
2987,6967.5186
2988,6863.1562
2989,6837.5059
2990,6703.3413
2991,6849.1606
2992,6819.8584
2993,6679.1084
2994,6698.1499
2995,6801.9199
2996,6746.9561
2997,6849.9746
2998,6696.6753
2999,6683.4287
3000,6622.2510
3001,6883.2231
3002,6848.1338
3003,6833.0054
3004,6775.0625
3005,6727.6567
3006,6747.2646
3007,6689.2520
3008,6720.4150
3009,6879.9966
3010,6820.5884
3011,6764.3911
3012,6751.9829
3013,6495.7861
3014,6658.8950
3015,6681.9976
3016,6749.1895
3017,6635.9141
3018,6626.0874
3019,6670.5718
3020,6845.8599
3021,6809.4653
3022,6932.8672
3023,6931.2837
3024,6841.8403
3025,6680.5444
3026,6668.0459
3027,6606.0630
3028,6722.8862
3029,6906.3423
3030,6937.2188
3031,6764.5767
3032,6865.4619
3033,6978.4678
3034,6738.0654
3035,6821.8457
3036,6641.9956
3037,6866.2856
3038,6912.6479
3039,6903.1797
3040,6854.9575
3041,6801.4399
3042,6687.5850
3043,6815.0698
3044,6604.4741
3045,6696.6636
3046,6869.9111
3047,6734.4160
3048,6885.7432
3049,6851.9897
3050,6716.5571
3051,6718.6240
3052,6695.3022
3053,6594.7021
3054,6737.1655
3055,6688.3228
3056,6835.6299
3057,6892.2212
3058,6909.7192
3059,6613.0415
3060,6686.2021
3061,6884.2080
3062,6878.8965
3063,6830.0103
3064,6866.2524
3065,6801.6763
3066,6815.9004
3067,6892.1821
3068,6687.5562
3069,6718.6372
3070,6696.3325
3071,6699.7485
3072,6937.3872
3073,6802.4165
3074,6727.7744
3075,6744.3228
3076,6880.2344
3077,6824.4395
3078,6939.2363
3079,6931.4180
3080,6786.2612
3081,6753.7446
3082,6755.0610
3083,6838.7822
3084,6785.9062
3085,6814.6597
3086,6882.0815
3087,6667.5791
3088,6665.9517
3089,6723.3643
3090,6711.2085
3091,6754.1753
3092,6847.9551
3093,7014.8940
3094,6833.6807
3095,6753.4980
3096,6873.0610
3097,6813.0044
3098,6902.9531
3099,6759.4800
3100,6720.1704
3101,6809.5635
3102,6893.5986
3103,6632.6909
3104,6910.8838
3105,6919.8086
3106,6678.6860
3107,6878.3696
3108,6900.2725
3109,6730.0996
3110,6846.4497
3111,6856.7769
3112,6633.8242
3113,6622.1450
3114,6763.6860
3115,6873.9292
3116,6800.2866
3117,6860.2192
3118,6897.0859
3119,6805.1299
3120,6712.9805
3121,6834.8691
3122,6847.2944
3123,6864.9297
3124,6766.6382
3125,6804.6841
3126,6713.8535
3127,6853.1050
3128,6841.8413
3129,6722.0522
3130,6671.1562
3131,6647.5938
3132,6900.0957
3133,6854.8799
3134,6798.6460
3135,6798.8623
3136,6976.4092
3137,6815.0024
3138,6761.9609
3139,6886.1548
3140,6871.5312
3141,6818.3198
3142,6916.5645
3143,6849.8755
3144,6664.3369
3145,6642.1655
3146,6928.6631
3147,6780.1895
3148,6652.6348
3149,6648.7373
3150,6845.7090
3151,6704.4897
3152,6712.9072
3153,6638.7505
3154,6576.0762
3155,6663.2334
3156,6616.7109
3157,6804.8511
3158,6774.8037
3159,6772.8354
3160,6751.3984
3161,6607.9873
3162,6839.8179
3163,6773.3872
3164,6670.1240
3165,6801.8125
3166,6875.5366
3167,6791.3716
3168,6730.4585
3169,6809.7871
3170,6659.9790
3171,6821.2437
3172,6912.5254
3173,7005.1860
3174,6976.6304
3175,6951.7842
3176,6975.6025
3177,7000.4253
3178,7024.6606
3179,6790.0972
3180,6923.4292
3181,6822.1895
3182,6708.2578
3183,6890.5366
3184,6863.8130
3185,6803.0859
3186,6936.0996
3187,6899.9116
3188,6795.8613
3189,6902.4697
3190,6759.3486
3191,6805.7886
3192,6861.5879
3193,6910.9487
3194,6879.8931
3195,6826.3638
3196,6847.4409
3197,6748.0117
3198,6868.4507
3199,6680.7041
3200,6643.8418
3201,6780.6797
3202,6624.2085
3203,6640.3726
3204,6450.5850
3205,6551.8794
3206,6722.7080
3207,6942.1050
3208,7029.5835
3209,6834.8350
3210,6863.4829
3211,6833.5386
3212,7006.0771
3213,6909.1904
3214,6711.6509
3215,6703.3535
3216,6921.8691
3217,6630.0010
3218,6876.2734
3219,6999.6963
3220,7065.7617
3221,7035.4023
3222,6871.8257
3223,6802.7354
3224,6953.0693
3225,6848.0288
3226,6986.1553
3227,6865.8999
3228,6792.8843
3229,6707.2905
3230,6756.0117
3231,6929.5488
3232,6868.7412
3233,6976.7676
3234,6820.2661
3235,6867.7344
3236,6919.5493
3237,6887.9429
3238,6810.4072
3239,6759.4688
3240,6941.5674
3241,6943.7275
3242,6873.5415
3243,6597.9082
3244,6755.6919
3245,6705.4644
3246,6857.4697
3247,7008.0244
3248,6838.4590
3249,6863.2344
3250,7015.2866
3251,6882.2124
3252,6815.4019
3253,6689.6050
3254,6930.5713
3255,6812.9385
3256,6608.8223
3257,6654.8848
3258,6755.6636
3259,6585.0879
3260,6829.1392
3261,6920.7612
3262,6810.4780
3263,6910.7437
3264,6927.3398
3265,6874.9717
3266,6855.2393
3267,6816.8198
3268,6723.9976
3269,6966.9976
3270,6850.0879
3271,7015.3530
3272,6941.5723
3273,6790.2192
3274,6703.7661
3275,6858.1636
3276,6821.8145
3277,6939.3315
3278,6951.0098
3279,6788.8257
3280,6890.2305
3281,6392.1572
3282,6681.8267
3283,6679.2021
3284,6696.0815
3285,6713.2754
3286,6853.1460
3287,6867.0923
3288,6770.0981
3289,6788.7285
3290,6644.2949
3291,6791.8818
3292,6846.1196
3293,6699.2642
3294,6677.1040
3295,6658.7061
3296,6717.9824
3297,6923.4097
3298,7014.9854
3299,6912.2700
3300,6766.3774
3301,6871.1509
3302,6767.5938
3303,6799.5068
3304,6923.5049
3305,6511.1997
3306,6626.6050
3307,6788.4956
3308,6490.3354
3309,6491.2700
3310,6629.6592
3311,6832.3604
3312,6840.0166
3313,6813.1606
3314,6552.3013
3315,6886.1587
3316,6762.7993
3317,6694.2236
3318,6865.5815
3319,6589.2100
3320,6806.9434
3321,6704.5786
3322,6725.9775
3323,6753.0928
3324,6778.9404
3325,6368.2207
3326,6654.6050
3327,6840.5146
3328,6868.2954
3329,6899.9297
3330,6585.6392
3331,6645.8760
3332,6531.2236
3333,6676.1812
3334,6476.3711
3335,6543.7212
3336,6731.5142
3337,6933.1094
3338,6800.3892
3339,6899.6040
3340,6772.5703
3341,6883.5347
3342,6869.4287
3343,6812.8599
3344,6835.7090
3345,6778.2646
3346,6809.9116
3347,6655.4087
3348,6790.3540
3349,6918.1929
3350,6820.1787
3351,6850.8281
3352,6930.7212
3353,6960.7280
3354,6893.6235
3355,6909.3525
3356,6890.8843
3357,6855.9819
3358,6935.0986
3359,6806.4395
3360,6942.0503
3361,6624.0117
3362,6799.4717
3363,6783.6841
3364,6710.1943
3365,6869.1968
3366,6671.2041
3367,6810.3018
3368,6726.2725
3369,6774.7817
3370,6795.6172
3371,6835.9307
3372,6737.4741
3373,6657.1997
3374,6845.0830
3375,6850.9092
3376,6746.8374
3377,6546.0288
3378,6644.7974
3379,6892.1118
3380,6648.2085
3381,6651.5674
3382,6793.3574
3383,6756.0103
3384,6733.9893
3385,6711.0825
3386,6653.5425
3387,6786.4536
3388,6692.0059
3389,6601.7441
3390,6682.6436
3391,6691.0962
3392,6775.9761
3393,6563.1665
3394,6767.3569
3395,6570.7378
3396,6717.3555
3397,6881.9009
3398,6874.8916
3399,6669.3862
3400,6579.9297
3401,6934.3848
3402,6977.8462
3403,6848.9399
3404,6898.9380
3405,6849.3853
3406,6771.3926
3407,6773.3730
3408,6708.8145
3409,6680.1274
3410,6792.4092
3411,6550.0112
3412,6631.8169
3413,6644.4204
3414,6884.5356
3415,6731.4966
3416,6594.0747
3417,6832.1030
3418,6647.9722
3419,6706.7974
3420,6859.8149
3421,6750.3286
3422,6864.3350
3423,6719.7085
3424,6804.1318
3425,6607.4238
3426,6601.3218
3427,6742.9111
3428,6691.8926
3429,6494.2744
3430,6714.0498
3431,6846.3247
3432,6620.3081
3433,6722.3735
3434,6745.8115
3435,6575.8335
3436,6626.9268
3437,6717.8101
3438,6508.5630
3439,6623.3037
3440,6458.1660
3441,6601.8896
3442,6633.8228
3443,6638.9790
3444,6668.4824
3445,6704.8867
3446,6749.5693
3447,6397.7051
3448,6508.0698
3449,6737.4507
3450,6529.2021
3451,6438.4541
3452,6537.0815
3453,6515.4111
3454,6676.8750
3455,6409.5884
3456,6537.6372
3457,6700.6709
3458,6548.6992
3459,6616.5005
3460,6689.3135
3461,6671.6167
3462,6573.0693
3463,6440.1104
3464,6528.4438
3465,6628.0767
3466,6677.0254
3467,6874.5625
3468,6398.3267
3469,6589.4116
3470,6631.6284
3471,6550.7974
3472,6649.3496
3473,6672.6143
3474,6275.3940
3475,6658.7485
3476,6428.5537
3477,6587.8809
3478,6665.4185
3479,6605.1943
3480,6688.9897
3481,6744.1284
3482,6576.7534
3483,6538.6079
3484,6697.8213
3485,6587.5938
3486,6702.1274
3487,6821.5068
3488,6850.3828
3489,6654.3154
3490,6483.2598
3491,6650.5991
3492,6718.3779
3493,6684.4253
3494,6598.2588
3495,6761.3574
3496,6682.0791
3497,6755.5078
3498,6701.6650
3499,6775.1836
3500,6757.6055
3501,6794.3667
3502,6753.5991
3503,6721.1284
3504,6753.5249
3505,6848.9243
3506,6880.7354
3507,6837.4810
3508,6698.6099
3509,6684.5713
3510,6877.3491
3511,6816.8779
3512,6743.2388
3513,6764.1597
3514,6753.1226
3515,6790.2559
3516,6595.3911
3517,6821.7021
3518,6830.9072
3519,6828.0718
3520,6771.1475
3521,6856.8569
3522,6954.3262
3523,6937.1836
3524,6892.8174
3525,6831.6562
3526,6535.4629
3527,6828.8823
3528,6729.3315
3529,6654.8574
3530,6693.8872
3531,6759.2661
3532,6625.0244
3533,6657.2510
3534,6863.6929
3535,6712.5273
3536,6569.1519
3537,6413.6113
3538,6796.8496
3539,6877.6763
3540,6938.5430
3541,6882.9736
3542,6978.0610
3543,6866.1235
3544,6730.8838
3545,6754.5020
3546,6677.5259
3547,6682.8838
3548,6710.1934
3549,6750.9561
3550,6704.5112
3551,6773.6963
3552,6697.3184
3553,6709.7085
3554,6907.3369
3555,6755.2368
3556,6749.9419
3557,6874.3213
3558,6937.0859
3559,6908.8472
3560,6668.7388
3561,6907.1284
3562,6719.2900
3563,6731.1187
3564,6736.8042
3565,6837.9009
3566,6845.9536
3567,6837.1152
3568,6488.8188
3569,6690.8486
3570,6740.7793
3571,6753.2144
3572,6713.2207
3573,6740.6011
3574,6900.0703
3575,6829.2319
3576,6703.2769
3577,6819.0947
3578,6714.3579
3579,6712.3818
3580,6807.8916
3581,6756.9404
3582,6704.3628
3583,6404.9819
3584,6540.3101
3585,6826.8354
3586,6715.6963
3587,6661.4761
3588,6837.7397
3589,6751.0146
3590,6658.8594
3591,6602.9487
3592,6540.2520
3593,6694.9619
3594,6790.2100
3595,6693.3750
3596,6778.9404
3597,6683.2324
3598,6602.4028
3599,6785.3853
3600,6483.0293
3601,6911.0132
3602,6742.5391
3603,6894.9629
3604,6987.0854
3605,6710.0366
3606,6734.5288
3607,6809.0947
3608,6777.7798
3609,6715.5728
3610,6834.5781
3611,6781.6162
3612,6794.2412
3613,6507.8994
3614,6612.1641
3615,6797.1147
3616,6764.9580
3617,6968.7192
3618,6855.2256
3619,6611.7725
3620,6686.2832
3621,6490.2988
3622,6833.1855
3623,6807.1519
3624,6795.7373
3625,6642.3315
3626,6568.9351
3627,6729.3062
3628,6808.8311
3629,6896.1094
3630,7024.7642
3631,6716.3916
3632,6673.0361
3633,6735.0527
3634,6701.6406
3635,6870.2803
3636,6535.3550
3637,6686.7134
3638,6866.3735
3639,6569.0093
3640,6564.6167
3641,6418.5762
3642,6419.8931
3643,6606.7134
3644,6749.8467
3645,6966.6685
3646,6584.9053
3647,6695.1582
3648,6540.2021
3649,6607.3770
3650,6789.5581
3651,6699.9219
3652,6652.3853
3653,6700.8711
3654,6719.7598
3655,6832.2217
3656,6728.0601
3657,6824.0713
3658,6623.1704
3659,6464.6553
3660,6733.0000
3661,6667.3081
3662,6694.8530
3663,6688.0806
3664,6631.3403
3665,6643.0566
3666,6679.2134
3667,6497.0601
3668,6639.3105
3669,6515.2969
3670,6549.1636
3671,6577.9360
3672,6555.0610
3673,6739.4072
3674,6697.3916
3675,6666.9565
3676,6630.1562
3677,6682.7744
3678,6698.1860
3679,6368.5928
3680,6653.4180
3681,6761.8652
3682,6661.9937
3683,6694.7832
3684,6619.7480
3685,6556.2905
3686,6641.2212
3687,6527.3530
3688,6661.6636
3689,6865.0630
3690,6438.6836
3691,6731.9580
3692,6821.3950
3693,6903.7500
3694,7046.9253
3695,6890.6562
3696,6691.4531
3697,6861.6440
3698,6877.9365
3699,6807.9980
3700,6646.6572
3701,6568.5059
3702,6696.1973
3703,6812.1318
3704,6967.9009
3705,6705.7959
3706,6876.2617
3707,6970.0303
3708,6551.7603
3709,6867.5527
3710,6633.3628
3711,6888.0122
3712,6600.8335
3713,6747.9229
3714,6658.8403
3715,6865.9473
3716,6836.0967
3717,6773.4551
3718,6809.2241
3719,6720.7417
3720,6823.2368
3721,6727.5371
3722,6749.5137
3723,6515.6060
3724,6587.0635
3725,6644.4448
3726,6746.3340
3727,6880.1035
3728,6824.5630
3729,6801.1812
3730,6808.3740
3731,6659.9800
3732,6792.1748
3733,6567.4082
3734,6418.8691
3735,6659.9316
3736,6836.1274
3737,6813.3511
3738,6960.1162
3739,6661.3950
3740,6488.7773
3741,6615.9448
3742,6721.0874
3743,6808.9663
3744,6596.7012
3745,6548.5581
3746,6723.9023
3747,6704.5693
3748,6746.6621
3749,6694.1655
3750,6709.2646
3751,6842.9253
3752,6590.1494
3753,6757.5010
3754,6775.2134
3755,6673.0269
3756,6742.7104
3757,6742.6787
3758,6718.7207
3759,6855.7119
3760,6587.9272
3761,6692.0215
3762,6634.9600
3763,6881.2881
3764,6661.2197
3765,6905.4175
3766,6724.2256
3767,6920.0542
3768,6236.8442
3769,6448.1030
3770,6533.9819
3771,6701.1768
3772,6362.3213
3773,6606.8896
3774,6560.8130
3775,6414.7012
3776,6573.1025
3777,6686.6475
3778,6539.8003
3779,6494.6299
3780,6728.9663
3781,6724.3496
3782,6618.0498
3783,6658.7725
3784,6437.4204
3785,6583.4780
3786,6729.6807
3787,6713.1143
3788,6776.1382
3789,6702.6460
3790,6572.4487
3791,6753.5459
3792,6735.5850
3793,6693.3179
3794,6629.8486
3795,6716.1499
3796,6486.9380
3797,6583.3442
3798,6627.6494
3799,6518.3066
3800,6389.9365
3801,6838.7871
3802,6697.1567
3803,6593.9263
3804,6596.0435
3805,6754.6831
3806,6714.7305
3807,6640.5210
3808,6688.8135
3809,6766.3311
3810,6812.7910
3811,6685.8491
3812,6722.0781
3813,6676.0156
3814,6623.7856
3815,6807.5728
3816,6843.1069
3817,6858.7144
3818,6786.7393
3819,6720.4204
3820,6798.8638
3821,6700.6123
3822,6734.9805
3823,6740.5391
3824,6610.4785
3825,6904.7217
3826,6860.9717
3827,6801.3755
3828,6775.1230
3829,6861.7104
3830,6599.0356
3831,6549.1860
3832,6778.9521
3833,6669.3218
3834,6790.8457
3835,6755.4141
3836,6848.7681
3837,6758.3179
3838,6768.0635
3839,6656.6387
3840,6773.0112
3841,6839.8696
3842,6704.1025
3843,6629.1494
3844,6508.4731
3845,6597.3047
3846,6585.6562
3847,6663.1973
3848,6710.4385
3849,6736.7847
3850,6718.8042
3851,6779.3413
3852,6762.5225
3853,6709.9780
3854,6608.1392
3855,6637.1006
3856,6868.7090
3857,6726.8647
3858,6767.9556
3859,6836.8779
3860,6767.2109
3861,6767.1621
3862,6787.1724
3863,6455.6626
3864,6556.7021
3865,6664.8291
3866,6587.7612
3867,6794.6836
3868,6655.3955
3869,6285.4585
3870,6594.4355
3871,6519.0474
3872,6684.6118
3873,6622.4434
3874,6658.6836
3875,6691.6641
3876,6748.9082
3877,6739.0557
3878,6588.9663
3879,6667.1040
3880,6786.9600
3881,6400.5498
3882,6547.1157
3883,6708.8237
3884,6900.4980
3885,6685.4272
3886,6763.5786
3887,6686.0913
3888,6686.9917
3889,6780.2236
3890,6579.9609
3891,6562.6641
3892,6913.2041
3893,6703.8848
3894,6646.5898
3895,6805.7925
3896,6766.2847
3897,6762.0610
3898,6759.0254
3899,6800.9277
3900,6864.6831
3901,6948.5591
3902,6631.9810
3903,6723.1411
3904,6779.5444
3905,6580.6592
3906,6581.8760
3907,6825.4644
3908,6783.1494
3909,6776.3740
3910,6880.6855
3911,6782.6694
3912,6583.1113
3913,6794.4448
3914,6726.4048
3915,6484.4541
3916,6495.6440
3917,6585.2197
3918,6659.2368
3919,6704.7417
3920,6787.6143
3921,6847.6997
3922,6732.0288
3923,6737.9395
3924,6870.2056
3925,6784.1094
3926,6789.5249
3927,6754.3145
3928,6887.4351
3929,6894.6230
3930,6687.4775
3931,6768.4990
3932,6433.7466
3933,6567.2925
3934,6649.4819
3935,6682.5186
3936,6628.9756
3937,6704.4893
3938,6778.2632
3939,6832.0200
3940,6945.7056
3941,6805.2642
3942,6993.5249
3943,6834.4365
3944,6879.5645
3945,6814.8286
3946,6723.6709
3947,6877.5679
3948,6769.2100
3949,6766.5605
3950,6693.5513
3951,6749.4556
3952,6909.9385
3953,6793.2568
3954,6697.6528
3955,6843.7134
3956,6799.2837
3957,6771.4487
3958,6573.7588
3959,6566.5557
3960,6881.8218
3961,6989.4561
3962,7096.3794
3963,7009.8662
3964,7093.5522
3965,7040.7031
3966,6993.5190
3967,6909.4136
3968,6845.6943
3969,6670.9941
3970,6720.9912
3971,6888.4341
3972,7029.0454
3973,6805.0884
3974,6847.1797
3975,7013.2437
3976,6849.4268
3977,6845.5049
3978,6829.4624
3979,6695.1831
3980,6915.5503
3981,6983.6226
3982,7026.5693
3983,6992.5728
3984,6686.4946
3985,6829.8604
3986,6779.7817
3987,6622.4722
3988,6779.1978
3989,6655.0615
3990,6827.7612
3991,6854.3237
3992,6850.9473
3993,6856.7725
3994,6860.5425
3995,6961.9990
3996,6791.1973
3997,6797.2749
3998,6986.8926
3999,6813.6797
4000,6910.6865
4001,6712.4746
4002,6873.4043
4003,6831.6099
4004,6778.8003
4005,6821.9775
4006,6773.8687
4007,6910.9785
4008,6823.7100
4009,6711.5991
4010,6663.4854
4011,6745.8662
4012,6807.7173
4013,6572.7686
4014,6839.9663
4015,6664.8862
4016,6904.0913
4017,6730.3418
4018,6599.3711
4019,6567.6753
4020,6847.2173
4021,6801.0449
4022,6820.8242
4023,6805.8755
4024,6878.6772
4025,6707.4785
4026,6723.8247
4027,6682.6543
4028,6955.6343
4029,6793.4180
4030,6990.7368
4031,6866.7681
4032,6716.8442
4033,6739.5835
4034,6862.9976
4035,6849.3491
4036,6720.7559
4037,6812.4785
4038,6854.3994
4039,6772.0645
4040,6747.6372
4041,6784.7524
4042,6962.0181
4043,6589.6060
4044,6656.4385
4045,6631.2480
4046,6622.6250
4047,6505.1328
4048,6771.1147
4049,6766.6362
4050,6879.5562
4051,6896.0269
4052,6508.9521
4053,6678.3516
4054,6748.7812
4055,6822.1875
4056,6818.0342
4057,6563.8950
4058,6560.1128
4059,6820.1934
4060,6870.4688
4061,6824.3267
4062,6642.5073
4063,6786.8242
4064,6849.9277
4065,6708.9712
4066,6697.3755
4067,6689.8853
4068,6834.3726
4069,6672.4175
4070,6620.9419
4071,6850.2993
4072,6682.3198
4073,6920.2109
4074,7022.1113
4075,7013.0044
4076,6820.5259
4077,6766.0225
4078,6767.4600
4079,6807.5381
4080,6720.5972
4081,6737.2212
4082,6890.1167
4083,6863.5200
4084,6630.4819
4085,6844.0825
4086,6749.5303
4087,6826.0010
4088,6960.8892
4089,6856.2979
4090,6572.5991
4091,6646.3428
4092,6583.1699
4093,6654.2441
4094,6702.4937
4095,6798.6904
4096,6606.5361
4097,6746.7417
4098,6709.6641
4099,6747.9790
4100,6767.0938
4101,6611.0645
4102,6631.5112
4103,6634.4717
4104,6749.1035
4105,6738.3936
4106,6743.9229
4107,6983.1230
4108,6979.9263
4109,6892.9121
4110,6701.8604
4111,6643.6475
4112,6802.3862
4113,6731.0630
4114,6726.9272
4115,7002.3159
4116,6899.8271
4117,6891.2715
4118,6448.4634
4119,6581.5825
4120,6554.4336
4121,6503.4985
4122,6827.9707
4123,6785.3955
4124,6954.6104
4125,6967.2129
4126,6953.7222
4127,6763.4946
4128,6799.9731
4129,6818.6299
4130,6795.1650
4131,6854.3159
4132,6712.7954
4133,6751.7754
4134,6574.0747
4135,6637.4810
4136,6862.4463
4137,6811.2212
4138,6800.4956
4139,6705.2080
4140,6781.9204
4141,6772.6240
4142,6838.2090
4143,6598.4600
4144,6512.6704
4145,6636.4048
4146,6846.7930
4147,6711.5771
4148,6584.9648
4149,6689.1665
4150,6537.1782
4151,6670.7998
4152,6817.6880
4153,6817.3643
4154,6853.6934
4155,6529.6162
4156,6511.9282
4157,6771.4707
4158,6727.9048
4159,6694.9087
4160,6768.6860
4161,6556.2417
4162,6695.6763
4163,6507.7012
4164,6383.7261
4165,6568.8975
4166,6763.7744
4167,6756.5098
4168,6642.5527
4169,6657.9990
4170,6765.5103
4171,6320.3887
4172,6607.1812
4173,6453.5771
4174,6499.6069
4175,6666.5205
4176,6699.9043
4177,6742.0757
4178,6573.9507
4179,6738.3398
4180,6846.3257
4181,6594.8228
4182,6689.9512
4183,6637.1616
4184,6509.1138
4185,6738.6113
4186,6583.2944
4187,6538.9292
4188,6713.6807
4189,6737.1094
4190,6827.8936
4191,6819.8286
4192,6872.9736
4193,6903.1572
4194,6753.9419
4195,6829.7881
4196,6758.9678
4197,6879.6963
4198,6908.7803
4199,6814.7622
4200,6528.5293
4201,6766.4644
4202,6568.3560
4203,6859.5005
4204,6685.7974
4205,6369.5591
4206,6668.0303
4207,6720.5571
4208,6783.7778
4209,6914.5781
4210,6823.2100
4211,6772.5493
4212,6712.1382
4213,6838.1426
4214,6922.7905
4215,6863.6943
4216,6944.5972
4217,6896.4165
4218,6462.3267
4219,6648.7344
4220,6757.1396
4221,6821.5581
4222,6884.8423
4223,6795.5200
4224,6615.1543
4225,6645.7031
4226,6767.4585
4227,6939.4736
4228,6922.5625
4229,6865.9019
4230,6567.8838
4231,6699.2681
4232,6758.5249
4233,6706.3154
4234,6547.3213
4235,6715.2847
4236,6849.2886
4237,6887.2246
4238,6906.3516
4239,6830.5190
4240,6817.3496
4241,6816.4038
4242,6931.7681
4243,6853.2012
4244,6876.4409
4245,6752.4312
4246,6899.3755
4247,6848.5088
4248,6874.2891
4249,6703.6704
4250,6892.7300
4251,6967.0884
4252,6853.4849
4253,6869.1675
4254,6808.4463
4255,6756.8955
4256,6827.0747
4257,6869.0854
4258,6904.5425
4259,6818.2329
4260,6691.2749
4261,6725.0488
4262,6814.2842
4263,6844.1943
4264,6782.8115
4265,6637.9092
4266,6734.8403
4267,6889.0200
4268,6818.8086
4269,6992.8306
4270,6745.6821
4271,6838.0259
4272,6695.5430
4273,6639.6455
4274,6893.5850
4275,6948.4131
4276,6739.9541
4277,6650.6060
4278,6869.2500
4279,6751.2881
4280,6697.6035
4281,6756.9653
4282,6702.4048
4283,6787.4448
4284,6949.4355
4285,7028.4775
4286,7020.4219
4287,6929.5430
4288,6873.9028
4289,6831.7915
4290,6719.7871
4291,6525.8696
4292,6847.1309
4293,6745.4941
4294,6824.9800
4295,6898.9790
4296,6603.9863
4297,6710.2754
4298,6643.3540
4299,6795.6924
4300,6953.1899
4301,6884.8369
4302,6637.3237
4303,6810.0112
4304,6518.4409
4305,6840.7915
4306,6820.5186
4307,6834.3286
4308,6671.7197
4309,6730.8726
4310,7046.7417
4311,6968.4463
4312,6835.2910
4313,6792.8066
4314,6807.2192
4315,6793.9141
4316,6535.8057
4317,6680.0186
4318,6904.5557
4319,7002.0840
4320,6717.0645
4321,6599.6743
4322,6793.4116
4323,6855.3716
4324,6618.1753
4325,6700.4062
4326,6785.1250
4327,6889.6724
4328,6674.0410
4329,6867.4790
4330,6763.5981
4331,6751.6934
4332,6691.2261
4333,6594.6616
4334,6603.5591
4335,6880.2363
4336,6306.3853
4337,6501.0288
4338,6571.8691
4339,6589.8354
4340,6820.4097
4341,6688.5566
4342,6608.1748
4343,6875.0068
4344,6480.6094
4345,6621.4922
4346,6638.3027
4347,6746.0542
4348,6715.7944
4349,6834.2881
4350,6836.0767
4351,6726.5068
4352,6759.0205
4353,6615.9780
4354,6876.2847
4355,6596.0898
4356,6718.6172
4357,6817.0586
4358,6762.9878
4359,6690.7437
4360,6569.9224
4361,6648.0879
4362,6639.9038
4363,6714.3037
4364,6578.7715
4365,6646.7705
4366,6580.4819
4367,6294.2793
4368,6829.3047
4369,6892.1372
4370,6684.4756
4371,6710.9834
4372,6730.7554
4373,6356.1860
4374,6713.9131
4375,6540.7280
4376,6672.3823
4377,6853.2559
4378,6768.9580
4379,6790.0288
4380,6767.9194
4381,6902.6821
4382,6693.9893
4383,6638.1475
4384,6663.2993
4385,6939.6997
4386,6950.1738
4387,6728.4663
4388,6734.5405
4389,6874.2119
4390,6835.2505
4391,6674.2988
4392,6532.9097
4393,6557.8599
4394,6740.3599
4395,6560.1611
4396,6408.3311
4397,6598.6338
4398,6556.8022
4399,6544.6475
4400,6680.4160
4401,6667.8247
4402,6684.3594
4403,6677.5137
4404,6423.1504
4405,6577.2109
4406,6638.6240
4407,6711.9395
4408,6835.8960
4409,6626.6128
4410,6542.5303
4411,6694.6724
4412,6520.2432
4413,6442.0801
4414,6593.8047
4415,6494.7100
4416,6495.4692
4417,6452.8843
4418,6465.6450
4419,6604.1011
4420,6482.5825
4421,6816.7168
4422,6810.9492
4423,6535.2397
4424,6869.9746
4425,6659.0659
4426,6699.9712
4427,6471.6685
4428,6675.8447
4429,6763.1338
4430,6663.8896
4431,6673.6797
4432,6488.3438
4433,6579.1113
4434,6661.3638
4435,6537.8896
4436,6631.2812
4437,6610.2729
4438,6635.9893
4439,6454.1040
4440,6398.5918
4441,6912.2520
4442,6859.2061
4443,6550.4419
4444,6657.0566
4445,6691.7134
4446,6649.1460
4447,6819.8154
4448,6547.3403
4449,6353.7080
4450,6784.8623
4451,6883.7065
4452,6599.0454
4453,6529.2974
4454,6458.4243
4455,6644.3213
4456,6670.9668
4457,6723.8779
4458,6700.0342
4459,6666.6284
4460,6520.6772
4461,6384.1523
4462,6613.8115
4463,6797.9199
4464,6652.4893
4465,6518.8994
4466,6680.8594
4467,6753.4385
4468,6791.9585
4469,6673.6665
4470,6548.4067
4471,6627.4160
4472,6626.8130
4473,6784.5137
4474,6483.8813
4475,6645.7261
4476,6568.5288
4477,6439.8906
4478,6355.5879
4479,6510.7734
4480,6639.0103
4481,6526.5713
4482,6757.9092
4483,6744.1797
4484,6827.9854
4485,6651.0537
4486,6492.2798
4487,6379.7935
4488,6504.7603
4489,6679.6709
4490,6407.4536
4491,6509.0337
4492,6626.6299
4493,6778.1553
4494,6752.3101
4495,6591.9351
4496,6460.5020
4497,6606.8848
4498,6570.2344
4499,6728.7119
4500,6602.1499
4501,6848.0957
4502,6731.5176
4503,6508.8423
4504,6403.8350
4505,6317.8174
4506,6303.4199
4507,6606.1895
4508,6483.6079
4509,6470.3882
4510,6639.9434
4511,6430.3916
4512,6864.2793
4513,6677.3418
4514,6683.8662
4515,6639.0103
4516,6757.7959
4517,6858.7051
4518,6443.9092
4519,6489.9663
4520,6568.5444
4521,6527.2705
4522,6401.5146
4523,6426.1807
4524,6570.8467
4525,6667.7715
4526,6626.9746
4527,6617.3950
4528,6466.5259
4529,6708.6807
4530,6580.5186
4531,6573.5244
4532,6347.6216
4533,6388.6641
4534,6773.9365
4535,6236.3257
4536,6560.2754
4537,6598.6030
4538,6556.3560
4539,6559.2461
4540,6748.5601
4541,6819.3618
4542,6624.7554
4543,6626.6353
4544,6722.5459
4545,6737.4087
4546,6707.1963
4547,6626.9517
4548,6577.4224
4549,6749.8950
4550,6678.7056
4551,6728.1860
4552,6610.8560
4553,6740.8203
4554,6804.0322
4555,6617.3257
4556,6472.8354
4557,6540.6084
4558,6521.4131
4559,6609.2109
4560,6709.7559
4561,6486.2412
4562,6632.5981
4563,6809.3203
4564,6681.0869
4565,6567.3169
4566,6640.3374
4567,6311.1519
4568,6485.4644
4569,6776.4316
4570,6834.3228
4571,6719.5088
4572,6874.3374
4573,6660.5332
4574,6749.3193
4575,6797.9297
4576,6570.6353
4577,6850.3428
4578,6746.1328
4579,6776.1328
4580,6739.6851
4581,6682.3638
4582,6614.2969
4583,6850.8838
4584,6513.6411
4585,6498.1313
4586,6542.6924
4587,6697.8467
4588,6346.0942
4589,6667.2749
4590,6646.0938
4591,6708.9160
4592,6659.6328
4593,6727.1084
4594,6662.7480
4595,6524.8135
4596,6569.3223
4597,6797.3086
4598,6737.3799
4599,6330.4556
4600,6355.3350
4601,6743.4565
4602,6561.0938
4603,6580.7935
4604,6543.7837
4605,6664.3569
4606,6653.6250
4607,6737.7104
4608,6661.2959
4609,6822.2661
4610,6669.9961
4611,6782.5635
4612,6556.8413
4613,6586.9307
4614,6673.3755
4615,6805.0298
4616,6655.4893
4617,6769.0503
4618,6735.5703
4619,6613.7861
4620,6503.6943
4621,6633.8618
4622,6631.0654
4623,6502.6904
4624,6329.2534
4625,6688.4678
4626,6683.0356
4627,6647.8848
4628,6638.4624
4629,6485.9365
4630,6153.5332
4631,6596.4204
4632,6715.8145
4633,6844.3643
4634,6811.7954
4635,6643.4834
4636,6524.2534
4637,6448.4141
4638,6382.2363
4639,6490.1113
4640,6683.9155
4641,6698.4888
4642,6664.3071
4643,6645.2944
4644,6665.8311
4645,6506.7241
4646,6600.2422
4647,6619.7588
4648,6665.9253
4649,6483.8125
4650,6627.5747
4651,6760.5156
4652,6510.4585
4653,6855.5400
4654,6922.4966
4655,6714.7476
4656,6747.0581
4657,6879.6738
4658,6644.5493
4659,6494.8774
4660,6710.8350
4661,6687.0205
4662,6522.3823
4663,6717.5737
4664,6520.0078
4665,6628.8711
4666,6766.2031
4667,6647.3198
4668,6575.4854
4669,6480.5947
4670,6626.9434
4671,6728.1885
4672,6677.3662
4673,6527.4844
4674,6368.2773
4675,6743.0166
4676,6689.9429
4677,6548.8696
4678,6305.5093
4679,6641.1592
4680,6938.6069
4681,6601.8071
4682,6627.1084
4683,6559.8018
4684,6574.2432
4685,6624.2256
4686,6467.6719
4687,6617.9380
4688,6643.1406
4689,6860.2417
4690,6661.7861
4691,6491.3804
4692,6486.6636
4693,6663.6440
4694,6677.5176
4695,6712.6387
4696,6583.9272
4697,6394.2163
4698,6541.9312
4699,6584.2290
4700,6526.9922
4701,6501.6724
4702,6426.1519
4703,6435.2686
4704,6567.3481
4705,6547.6924
4706,6600.3662
4707,6566.4106
4708,6849.7646
4709,6831.0000
4710,6612.1812
4711,6511.7646
4712,6511.8438
4713,6559.1904
4714,6661.5840
4715,6596.1792
4716,6384.8169
4717,6555.0073
4718,6652.4790
4719,6482.3213
4720,6636.9551
4721,6554.9644
4722,6619.1011
4723,6672.8462
4724,6743.0161
4725,6386.9707
4726,6652.2412
4727,6709.7104
4728,6552.6274
4729,6516.4424
4730,6322.0210
4731,6690.1084
4732,6807.7461
4733,6784.0288
4734,6592.4600
4735,6566.2686
4736,6612.7490
4737,6476.5537
4738,6712.4668
4739,6657.6968
4740,6443.3979
4741,6674.5391
4742,6662.3267
4743,6626.7290
4744,6442.1997
4745,6435.4219
4746,6624.5610
4747,6778.5332
4748,6660.4448
4749,6672.7031
4750,6816.7412
4751,6553.9990
4752,6527.7173
4753,6452.3013
4754,6672.6343
4755,6367.5244
4756,6645.2461
4757,6833.5615
4758,6647.8311
4759,6467.9692
4760,6540.9438
4761,6565.8716
4762,6563.4932
4763,6746.6343
4764,6698.7065
4765,6603.8892
4766,6587.3457
4767,6452.6494
4768,6551.5967
4769,6431.4507
4770,6555.2954
4771,6598.6206
4772,6659.4424
4773,6678.5391
4774,6498.8115
4775,6587.6885
4776,6457.9297
4777,6609.5771
4778,6508.6138
4779,6593.7900
4780,6585.9863
4781,6564.0405
4782,6638.1226
4783,6690.2017
4784,6674.4492
4785,6822.6011
4786,6488.6553
4787,6792.4937
4788,6656.7134
4789,6832.1094
4790,6654.1191
4791,6552.7065
4792,6231.6997
4793,6655.8237
4794,6624.7212
4795,6826.5645
4796,6609.6553
4797,6568.9478
4798,6611.7881
4799,6716.7104
4800,6690.6792
4801,6756.2373
4802,6788.8145
4803,6645.0405
4804,6479.5723
4805,6738.1855
4806,6821.1538
4807,6728.9531
4808,6700.2856
4809,6382.0381
4810,6690.6060
4811,6529.9067
4812,6550.0625
4813,6630.6519
4814,6879.8540
4815,6781.3379
4816,6618.5430
4817,6646.1113
4818,6830.5371
4819,6608.0854
4820,6667.2319
4821,6781.4453
4822,6747.5806
4823,6652.6797
4824,6657.5176
4825,6797.6743
4826,6730.2085
4827,6547.6772
4828,6594.9351
4829,6764.4863
4830,6779.9097
4831,6544.2466
4832,6481.8315
4833,6603.4092
4834,6707.0522
4835,6756.5654
4836,6816.1655
4837,6716.9756
4838,6507.9512
4839,6818.8325
4840,6651.2080
4841,6776.1279
4842,6812.2593
4843,6511.7744
4844,6553.7603
4845,6536.7285
4846,6805.6328
4847,6811.0474
4848,6927.4731
4849,6772.4966
4850,6572.0562
4851,6436.5244
4852,6630.9409
4853,6824.6475
4854,6519.9653
4855,6667.3110
4856,6802.6196
4857,6949.0601
4858,6764.2656
4859,6597.0342
4860,6845.0020
4861,6657.0635
4862,6719.7778
4863,6593.3379
4864,6767.1680
4865,6674.8896
4866,6606.8354
4867,6580.6724
4868,6661.0791
4869,6683.2744
4870,6776.3892
4871,6567.4150
4872,6738.1079
4873,6821.7544
4874,6874.4561
4875,6786.5522
4876,6769.8804
4877,6883.9399
4878,6949.0547
4879,6758.6138
4880,6719.0356
4881,6850.7666
4882,6748.1123
4883,6980.7861
4884,6716.7109
4885,6727.6118
4886,6547.9453
4887,6469.5825
4888,6777.2207
4889,6697.0781
4890,6793.3916
4891,6658.4336
4892,6557.8994
4893,6664.2544
4894,6784.6040
4895,6722.0425
4896,6738.3354
4897,6533.9038
4898,6842.3594
4899,6666.8555
4900,6769.9736
4901,6655.7319
4902,6596.7261
4903,6667.3862
4904,6555.4653
4905,6525.3291
4906,6728.1196
4907,6655.1084
4908,6529.1895
4909,6423.2100
4910,6670.7402
4911,6832.0693
4912,6866.3423
4913,6509.8438
4914,6509.3018
4915,6686.6909
4916,6887.2529
4917,6886.7622
4918,6776.4263
4919,6584.8330
4920,6660.5049
4921,6645.4043
4922,6681.7178
4923,6695.4209
4924,6634.0254
4925,6595.2261
4926,6709.2090
4927,6614.2129
4928,6520.7075
4929,6404.1582
4930,6721.6880
4931,6710.9360
4932,6448.4932
4933,6586.6519
4934,6536.3569
4935,6700.3936
4936,6527.1519
4937,6719.0791
4938,6582.9766
4939,6603.2646
4940,6639.5894
4941,6691.4946
4942,6782.3374
4943,6644.1660
4944,6681.6074
4945,6590.2998
4946,6599.2769
4947,6410.1431
4948,6387.9487
4949,6644.3394
4950,6699.0356
4951,6581.4780
4952,6728.7466
4953,6660.6128
4954,6860.0278
4955,6668.2012
4956,6609.5225
4957,6624.4409
4958,6787.5371
4959,6765.7461
4960,6435.8379
4961,6713.0547
4962,6359.7178
4963,6381.3301
4964,6655.6621
4965,6399.3130
4966,6396.3154
4967,6803.1753
4968,6743.2188
4969,6617.7681
4970,6422.6147
4971,6317.1797
4972,6321.1094
4973,6297.8994
4974,6433.6255
4975,6370.5869
4976,6513.5728
4977,6354.7720
4978,6520.1987
4979,6358.9497
4980,6442.2349
4981,6543.3560
4982,6445.5513
4983,6383.2759
4984,6422.7490
4985,6599.8394
4986,6711.5918
4987,6570.4453
4988,6394.4419
4989,6706.0435
4990,6726.9937
4991,6486.6367
4992,6462.3867
4993,6594.0298
4994,6643.6226
4995,6322.8623
4996,6395.4980
4997,6477.9268
4998,6422.6187
4999,6333.5532
